IATACode,FlightNum,DepartFrom,Destination,Manufacturer,Model,TakeoffDate
HA,HA4863,CLT,SEA,Boeing,777F,2022-08-05
AS,AS5805,IAH,BNA,McDonnell Douglas,MD-88,2021-01-22
HA,HA4920,MDW,ATL,Bombardier,CRJ700,2020-10-08
HA,HA7611,DFW,SEA,Bombardier,Global Express,2021-04-14
DL,DL8857,EWR,DEN,Airbus,A330-300,2021-10-19
SW,SW5337,PHX,DFW,Boeing,737-900,2022-10-21
AS,AS6361,MIA,PHX,Boeing,787-8,2021-07-01
DL,DL5394,ATL,LGA,Airbus,A321neo,2021-10-11
UA,UA2304,EWR,SAN,Boeing,767-200,2022-05-27
UA,UA6806,EWR,BWI,Boeing,777-200,2021-04-28
DL,DL9343,EWR,BOS,Boeing,737 MAX 9,2022-09-21
AA,AA5832,SAN,PHL,Bombardier,CRJ200,2021-04-03
UA,UA4590,BNA,DEN,Boeing,737-400,2020-03-06
DL,DL9656,IAD,SLC,Airbus,A320,2020-08-27
AS,AS5832,BOS,SEA,Embraer,E170,2022-10-21
UA,UA2293,BOS,SAN,Embraer,E170,2022-02-14
DL,DL2090,LGA,EWR,Boeing,767-400ER,2020-03-31
AA,AA8229,LGA,LAX,Boeing,757-200,2022-03-08
SW,SW2635,CLT,SFO,Embraer,E170,2020-02-21
DL,DL5966,LAS,ORD,Boeing,737-900ER,2022-07-29
AS,AS2853,MDW,ORD,Boeing,787-8,2020-12-11
DL,DL6487,SFO,MIA,Embraer,ERJ-145,2021-12-24
AS,AS1285,DEN,SEA,ATR,ATR 72,2021-07-13
AA,AA8056,ORD,BWI,Embraer,E170,2020-03-18
SW,SW7427,EWR,LGA,Boeing,757-300,2022-08-03
SW,SW9633,BOS,LAS,Boeing,777-300ER,2020-10-12
UA,UA4684,PHX,LAX,Bombardier,CRJ200,2021-12-17
AA,AA3699,MIA,BNA,Embraer,E170,2020-09-09
AA,AA4795,LAX,IAH,Bombardier,DHC-8-400,2020-03-03
SW,SW3993,ATL,CLT,Boeing,737-700,2021-07-02
UA,UA2930,LGA,LAX,Airbus,A321neo,2020-02-01
UA,UA9166,MIA,MCO,Embraer,E170,2022-01-20
HA,HA5010,LAX,DEN,Boeing,737 MAX 8,2022-02-09
AS,AS9103,LAS,BWI,Bombardier,CRJ700,2021-09-02
HA,HA4587,DFW,MIA,Bombardier,CRJ700,2021-06-08
UA,UA1904,SEA,DFW,Boeing,737-900,2022-06-21
AA,AA5862,BWI,MDW,Airbus,A320,2022-01-07
HA,HA9114,MIA,SLC,Bombardier,CRJ900,2021-05-23
AS,AS4242,EWR,MIA,Boeing,777-300ER,2022-09-20
DL,DL5594,ORD,EWR,Boeing,737 MAX 8,2020-03-19
SW,SW8009,ORD,IAD,ATR,ATR 42,2021-03-26
AS,AS6929,MSP,IAD,Embraer,ERJ-145,2020-02-25
AA,AA4864,ORD,LGA,ATR,ATR 42,2021-05-24
DL,DL1163,MIA,MCO,Embraer,E170,2020-04-23
HA,HA2747,LAX,BWI,Airbus,A330-200,2021-11-25
UA,UA7901,SEA,BNA,Boeing,737-400,2021-11-06
HA,HA2179,ATL,MDW,Boeing,777-200ER,2022-05-22
SW,SW2814,MDW,FLL,Boeing,737 MAX 9,2021-12-02
HA,HA7607,LAS,MCO,Airbus,A321neo,2020-11-12
DL,DL4115,LGA,DEN,Boeing,737-700,2022-11-21
HA,HA1932,PHX,BWI,ATR,ATR 42,2022-07-05
AA,AA1178,SLC,BWI,Boeing,777-200,2021-08-25
HA,HA2805,DFW,ORD,McDonnell Douglas,MD-88,2022-07-29
HA,HA4883,SFO,TPA,Embraer,E190,2021-06-30
UA,UA6874,DFW,MSP,Boeing,767-200,2022-11-09
AA,AA3821,LAS,DTW,Bombardier,CRJ200,2020-08-01
UA,UA5891,DTW,CLT,Boeing,767-300F,2020-08-17
SW,SW5612,SAN,ORD,Boeing,767-300F,2022-06-19
AS,AS9133,DTW,IAD,Embraer,ERJ-140,2021-11-11
UA,UA4777,FLL,LAX,Convair,C208B,2020-06-08
AA,AA9763,ATL,PHL,Bombardier,CRJ200,2021-01-19
DL,DL6671,LAS,DTW,McDonnell Douglas,MD-88,2022-12-15
AS,AS4564,MIA,IAD,Boeing,777-200ER,2021-01-31
AA,AA9724,LGA,MIA,Boeing,757-200,2020-07-28
UA,UA2392,BOS,LGA,ATR,ATR 42,2021-02-08
HA,HA9387,DTW,MCO,Embraer,E190,2022-07-02
UA,UA3265,JFK,DFW,Boeing,737-900ER,2020-04-05
HA,HA6761,CLT,ATL,Airbus,A320,2020-11-05
DL,DL1954,EWR,ORD,Boeing,737 MAX 9,2022-01-12
HA,HA1029,FLL,ORD,Bombardier,DHC-8-400,2022-05-11
AA,AA7679,BNA,EWR,Boeing,767-300ER,2022-07-01
UA,UA3689,MCO,DTW,Boeing,737 MAX 8,2021-11-26
AS,AS2020,LAX,ATL,Boeing,737-800,2020-04-14
UA,UA5965,SFO,IAD,Bombardier,DHC-8-400,2022-05-11
SW,SW7391,LAX,MIA,Boeing,767-300ER,2020-10-15
AA,AA7049,SFO,LAS,Boeing,777-200ER,2020-08-26
DL,DL5259,DEN,DTW,Airbus,A321,2022-05-04
AA,AA8401,SFO,JFK,Bombardier,CRJ900,2021-03-10
AS,AS9415,TPA,SLC,Boeing,747-400F,2022-08-23
DL,DL3576,PHX,TPA,Airbus,A320neo,2022-04-11
HA,HA1158,MDW,IAH,Bombardier,CRJ200,2021-12-06
SW,SW6427,ORD,BOS,Boeing,737-400,2021-11-19
SW,SW9573,LAX,FLL,Bombardier,CRJ700,2020-05-27
SW,SW1735,IAH,EWR,McDonnell Douglas,MD-11F,2022-04-23
UA,UA3099,DTW,PHX,Airbus,A320neo,2022-12-16
DL,DL8021,MIA,LAS,Boeing,767-300,2021-07-20
AA,AA3722,LAS,LGA,Boeing,737 MAX 8,2021-06-07
SW,SW3923,DFW,LAX,Boeing,777F,2022-03-07
SW,SW1596,PHX,ATL,Airbus,A330-200,2021-04-21
HA,HA1163,BNA,MDW,Boeing,757-200,2022-07-06
UA,UA6670,SEA,MSP,Boeing,767-400ER,2020-04-21
SW,SW2032,PHL,PHX,Boeing,767-300F,2022-03-18
AA,AA2091,JFK,MDW,Boeing,737-700,2022-06-26
AA,AA8991,ATL,LAX,Airbus,A321neo,2021-10-28
HA,HA1774,CLT,TPA,Boeing,717-200,2021-11-28
HA,HA4527,SAN,SEA,ATR,ATR 42,2021-12-05
AS,AS8013,LAS,SAN,Bombardier,CRJ700,2021-12-07
HA,HA3909,SEA,BOS,Boeing,757-200,2020-03-21
UA,UA3565,SLC,LAS,Boeing,767-300ER,2022-07-09
DL,DL9486,FLL,PHX,Boeing,757-200,2021-02-02
AA,AA7311,ATL,BNA,Boeing,737-900ER,2020-08-20
DL,DL7569,IAH,BOS,Boeing,737 MAX 9,2022-05-26
DL,DL8097,EWR,DTW,Boeing,767-200,2022-05-25
DL,DL1826,SEA,ORD,Bombardier,CRJ700,2022-12-15
HA,HA5316,LAX,ATL,Boeing,737-700,2020-08-09
HA,HA1828,BWI,DTW,Embraer,ERJ-145,2022-06-29
DL,DL6326,BNA,ATL,Convair,C208B,2021-12-19
SW,SW4994,MIA,BNA,Boeing,767-300ER,2022-06-24
DL,DL4043,LAX,LGA,Boeing,777-200,2020-01-19
AS,AS9062,ATL,LAX,Boeing,767-300F,2022-08-23
HA,HA2510,PHL,BWI,Boeing,757-200,2021-03-06
UA,UA9793,SLC,PHL,Convair,C208B,2022-10-30
UA,UA5349,SEA,IAD,Bombardier,CRJ900,2022-08-19
HA,HA8968,LGA,IAH,ATR,ATR 42,2021-07-18
DL,DL5606,MCO,MSP,Boeing,747-400,2021-08-03
SW,SW4118,TPA,DTW,Boeing,737-400,2020-03-24
SW,SW4470,DEN,DFW,Boeing,757-300,2021-10-24
DL,DL9070,DFW,MCO,Airbus,A330-300,2021-06-27
AA,AA7587,EWR,LAX,McDonnell Douglas,MD-83,2021-09-01
SW,SW3183,DEN,SAN,Boeing,777-200,2020-06-20
UA,UA1747,SEA,DFW,Boeing,777-200,2021-11-20
SW,SW9049,IAH,DTW,Boeing,737-900,2022-11-25
DL,DL3643,MCO,IAH,Boeing,787-9,2021-11-23
AA,AA7810,FLL,ORD,Embraer,E170,2021-11-18
AA,AA4055,BNA,FLL,Airbus,A320,2021-06-07
UA,UA1029,SLC,FLL,Airbus,A320,2020-04-05
DL,DL5976,TPA,DEN,Boeing,747-400,2021-02-22
AS,AS6928,ORD,ATL,Airbus,A330-200,2020-04-05
AA,AA6532,LAX,PHX,Embraer,E170,2021-05-14
AA,AA5486,JFK,EWR,Bombardier,CRJ200,2020-10-28
DL,DL2384,PHL,PHX,Embraer,E175,2022-09-23
AS,AS5794,SLC,SAN,Boeing,787-8,2020-02-19
HA,HA2397,PHL,DEN,Boeing,777-200,2022-12-28
AS,AS3715,SFO,IAH,Boeing,737-900,2021-07-16
AA,AA3489,ATL,DTW,Boeing,737-700,2021-05-06
UA,UA7829,SEA,PHL,Boeing,737-700,2022-02-14
SW,SW5970,BNA,CLT,Boeing,767-300ER,2021-06-02
HA,HA3009,LAS,PHX,Boeing,717-200,2022-10-30
UA,UA1459,EWR,ORD,Airbus,A321,2022-06-29
DL,DL2793,LAS,FLL,Boeing,767-400ER,2022-07-21
SW,SW7554,MDW,MSP,Bombardier,Global Express,2021-09-17
DL,DL6594,BWI,IAD,Boeing,737 MAX 8,2021-03-27
AS,AS1794,SFO,EWR,Boeing,737-900ER,2021-01-30
UA,UA8801,PHX,BWI,Boeing,737-900ER,2021-03-17
DL,DL7301,DEN,SLC,McDonnell Douglas,MD-83,2020-03-26
UA,UA8725,MIA,JFK,Embraer,E170,2021-11-19
HA,HA6386,DEN,SLC,Boeing,767-200,2020-09-12
SW,SW5190,IAH,MSP,Airbus,A330-300,2021-01-11
UA,UA9174,PHL,DEN,Boeing,787-8,2022-04-21
DL,DL8214,FLL,SLC,Boeing,737-700,2020-09-17
DL,DL1626,ATL,DTW,Boeing,737-700,2022-10-11
AA,AA6928,MSP,FLL,Boeing,717-200,2021-03-22
SW,SW6911,IAH,LAX,McDonnell Douglas,MD-88,2021-01-30
AA,AA4244,SFO,PHL,Boeing,737-400,2021-10-19
AS,AS3524,JFK,ATL,Boeing,737 MAX 8,2020-05-09
DL,DL2128,TPA,JFK,Airbus,A350-900,2022-07-12
DL,DL6525,SLC,JFK,Boeing,777-200,2022-09-25
HA,HA4955,PHL,MIA,Boeing,717-200,2022-01-02
AA,AA2042,DTW,PHX,ATR,ATR 42,2022-11-06
AS,AS2209,EWR,DEN,Boeing,747-400F,2021-08-05
AA,AA2577,JFK,CLT,Boeing,777-200ER,2020-06-22
HA,HA6697,LAX,PHL,Boeing,737-800,2021-10-30
HA,HA4311,SEA,IAH,Boeing,777-200ER,2022-05-08
HA,HA3368,ORD,LAS,Boeing,737-900ER,2020-02-22
UA,UA8741,SFO,ATL,Boeing,737-700,2021-10-27
SW,SW9978,SFO,BNA,Boeing,777F,2021-01-25
HA,HA2077,LAX,JFK,Boeing,777-300ER,2020-12-26
UA,UA1999,SAN,ATL,Airbus,A320,2020-12-19
AS,AS4546,DFW,MCO,Embraer,E190,2021-04-10
AA,AA8124,SLC,ATL,McDonnell Douglas,MD-83,2020-07-24
AS,AS5838,TPA,CLT,Boeing,737-700,2020-07-30
AA,AA4629,IAH,DTW,Boeing,757-300,2022-04-29
AA,AA8612,EWR,MSP,McDonnell Douglas,MD-88,2021-06-06
UA,UA2715,FLL,BNA,Boeing,777-200ER,2021-06-08
UA,UA3958,PHX,MDW,Convair,C208B,2021-07-19
AS,AS5481,SFO,MSP,Boeing,777-200,2021-10-03
AS,AS9404,SFO,MCO,Embraer,ERJ-140,2020-02-11
SW,SW2865,LAX,SAN,ATR,ATR 72,2021-05-03
AS,AS2146,MSP,SLC,Boeing,747-400F,2020-01-26
DL,DL8275,CLT,IAH,Boeing,737-900,2022-01-15
AA,AA5644,IAH,IAD,Airbus,A320neo,2021-10-23
AS,AS4101,FLL,SEA,Airbus,A321neo,2022-07-31
SW,SW4796,DEN,MSP,ATR,ATR 72,2021-03-09
SW,SW8527,LAX,PHL,Boeing,767-300F,2021-03-10
DL,DL6380,DFW,MCO,Airbus,A321,2022-11-14
AA,AA8814,DTW,IAD,Boeing,767-300F,2021-02-26
UA,UA2881,IAH,PHX,Boeing,787-8,2022-04-10
DL,DL5431,TPA,DEN,Airbus,A320,2022-05-14
SW,SW6248,SEA,MIA,Boeing,737-400,2022-08-16
UA,UA5587,LAS,DTW,Embraer,E190,2022-02-25
AS,AS8421,PHX,MDW,Bombardier,Global Express,2022-11-30
UA,UA7878,LAX,ORD,Boeing,737-900,2020-10-07
SW,SW5171,MSP,IAH,ATR,ATR 42,2020-08-31
SW,SW3811,SLC,IAD,Boeing,767-300F,2022-10-31
HA,HA3476,JFK,FLL,McDonnell Douglas,MD-83,2022-11-03
AS,AS2597,MCO,DEN,Boeing,737-700,2022-10-25
UA,UA6774,DTW,SEA,Boeing,757-300,2022-08-15
HA,HA8619,ORD,SEA,Convair,C208B,2022-09-30
DL,DL5286,MIA,BWI,Airbus,A350-900,2021-12-16
UA,UA1069,FLL,PHX,Bombardier,CRJ900,2021-09-30
UA,UA2556,DTW,EWR,Embraer,E170,2020-01-28
DL,DL7863,SFO,BOS,Boeing,717-200,2021-10-20
DL,DL6046,FLL,PHX,Boeing,737-900,2022-10-19
DL,DL7538,IAH,MIA,Embraer,ERJ-145,2021-06-07
AA,AA9193,CLT,ORD,Boeing,737 MAX 9,2021-09-24
SW,SW9513,CLT,LGA,Bombardier,CRJ200,2021-05-24
UA,UA6758,LAS,ORD,Boeing,767-300,2020-01-10
DL,DL9977,SAN,LAS,Embraer,ERJ-140,2020-09-01
SW,SW2254,MSP,CLT,Boeing,787-9,2020-10-01
AS,AS7374,MIA,LAX,Airbus,A321,2020-06-10
AA,AA2739,LGA,MCO,Boeing,777-200ER,2020-06-08
SW,SW8812,ATL,BNA,Boeing,777-200ER,2021-02-26
DL,DL8322,SFO,IAD,Boeing,767-400ER,2020-02-25
AS,AS8056,MCO,DEN,Boeing,717-200,2020-05-08
DL,DL8634,MIA,SAN,Bombardier,CRJ700,2021-09-08
HA,HA8245,FLL,DTW,Boeing,777-200ER,2022-12-27
UA,UA8444,TPA,BWI,Boeing,737-700,2022-12-15
HA,HA2902,MIA,IAD,Boeing,737-900,2022-06-08
HA,HA2903,CLT,SEA,Embraer,E190,2020-09-14
DL,DL2182,JFK,IAD,Airbus,A321,2022-10-07
HA,HA4660,LGA,BWI,Airbus,A330-300,2021-03-18
HA,HA7908,JFK,MCO,Boeing,757-300,2021-12-26
AS,AS3917,LAX,PHX,Boeing,737 MAX 8,2022-01-29
HA,HA4700,EWR,LAX,Boeing,737-700,2021-10-07
HA,HA1504,CLT,ATL,Bombardier,CRJ200,2021-06-06
SW,SW2544,JFK,BOS,Boeing,737-900,2022-10-11
AA,AA1922,TPA,SLC,Airbus,A320neo,2021-08-08
UA,UA1341,PHX,LGA,Airbus,A321neo,2020-12-28
AS,AS6292,SEA,BWI,Airbus,A330-200,2022-12-03
HA,HA3002,MCO,MSP,McDonnell Douglas,MD-83,2020-06-22
AS,AS8819,CLT,MCO,Boeing,767-300,2022-03-02
HA,HA6102,DTW,TPA,Boeing,777F,2021-08-01
UA,UA7994,PHX,IAD,Boeing,737-800,2022-10-21
AA,AA3586,LAS,DEN,Boeing,767-300,2022-09-28
UA,UA3662,SLC,FLL,McDonnell Douglas,MD-11F,2021-08-14
AS,AS3078,JFK,BOS,McDonnell Douglas,MD-88,2021-01-02
HA,HA4434,BNA,PHL,Boeing,747-400,2020-11-25
AS,AS8785,IAH,SEA,Airbus,A320neo,2022-12-16
HA,HA3107,DTW,ATL,Boeing,737-900ER,2021-04-06
HA,HA1054,FLL,PHL,Embraer,E175,2020-12-26
AS,AS2225,BWI,PHL,Airbus,A320,2021-08-22
SW,SW5785,LGA,SFO,Boeing,747-400F,2020-02-27
UA,UA1460,SEA,DFW,Bombardier,CRJ900,2022-07-27
UA,UA1239,ORD,MIA,ATR,ATR 72,2021-08-02
DL,DL2893,LAX,MDW,Airbus,A320neo,2020-01-29
AS,AS1111,EWR,DFW,Embraer,ERJ-145,2020-07-09
UA,UA3822,PHL,DTW,Boeing,757-200,2022-08-26
AA,AA8459,ORD,DTW,Boeing,747-8F,2021-01-22
HA,HA9047,IAD,SEA,Airbus,A321neo,2020-09-24
SW,SW1314,SFO,BOS,ATR,ATR 72,2022-03-04
DL,DL4232,SAN,MIA,Airbus,A321,2022-09-02
HA,HA6212,DFW,JFK,Embraer,E175,2021-12-14
SW,SW1174,MDW,MCO,Boeing,767-200,2021-08-14
AA,AA2794,BNA,MIA,Boeing,767-300,2021-01-14
AS,AS9615,ATL,JFK,Boeing,757-200,2022-02-07
UA,UA7469,IAD,ATL,Boeing,767-300ER,2022-08-16
SW,SW4122,ORD,SLC,Boeing,717-200,2022-05-08
SW,SW3024,FLL,MIA,Boeing,777F,2021-09-06
UA,UA9846,DFW,ATL,Boeing,757-300,2020-01-09
AA,AA5262,DEN,SEA,Airbus,A321neo,2021-03-20
SW,SW9400,LAX,EWR,Embraer,E170,2021-04-14
UA,UA3203,DEN,ATL,Boeing,747-400F,2022-02-26
HA,HA2705,SLC,MSP,Airbus,A330-300,2022-08-03
UA,UA7100,CLT,FLL,Boeing,767-300ER,2020-09-15
AA,AA8567,ATL,IAD,Boeing,767-300ER,2020-02-17
SW,SW9712,SEA,LAS,Boeing,717-200,2022-11-27
UA,UA2314,MSP,BOS,Boeing,757-300,2020-05-05
DL,DL4443,LAS,MSP,Bombardier,CRJ200,2022-03-08
HA,HA4323,CLT,PHX,Boeing,777F,2022-08-19
UA,UA5576,BOS,BWI,Embraer,E170,2021-01-21
HA,HA5197,SLC,FLL,Boeing,757-200,2021-12-03
DL,DL4649,IAD,FLL,Boeing,737 MAX 8,2021-11-27
SW,SW5855,ATL,BWI,Embraer,ERJ-145,2022-08-26
AA,AA4294,MDW,DTW,Boeing,737-700,2021-07-15
AA,AA4058,BWI,BNA,Airbus,A320neo,2022-10-01
AS,AS8958,CLT,SAN,Embraer,ERJ-145,2022-11-01
AA,AA8868,ATL,DFW,Embraer,E190,2021-03-27
SW,SW8592,ORD,PHX,McDonnell Douglas,MD-83,2022-07-02
HA,HA3372,DTW,DFW,Airbus,A321,2021-08-04
DL,DL6281,SAN,DTW,Boeing,747-8F,2022-04-07
HA,HA5012,PHX,SLC,Boeing,767-200,2021-04-13
SW,SW6053,DEN,MIA,Boeing,767-200,2022-04-22
AS,AS8864,ATL,SFO,Bombardier,Global Express,2022-12-10
HA,HA9406,MIA,JFK,Boeing,737 MAX 8,2020-06-22
AS,AS3798,ATL,MSP,Boeing,777-200ER,2022-06-06
AA,AA4329,MDW,IAH,Boeing,717-200,2021-04-16
AA,AA2073,DEN,MIA,Boeing,737-800,2022-08-07
HA,HA4214,LGA,PHL,Bombardier,CRJ900,2020-08-14
SW,SW1338,MIA,LAS,Boeing,777-200ER,2020-02-21
SW,SW5138,FLL,SEA,Boeing,757-200,2020-01-24
UA,UA6138,JFK,MDW,Boeing,767-300,2021-05-05
HA,HA6181,CLT,LGA,Airbus,A330-200,2022-12-20
UA,UA6803,EWR,JFK,Boeing,777-200ER,2020-04-05
HA,HA4829,ATL,DFW,ATR,ATR 72,2021-05-11
SW,SW8878,EWR,ORD,ATR,ATR 72,2021-05-08
DL,DL9395,MCO,PHX,Boeing,767-300,2020-08-11
HA,HA6833,PHX,SFO,Boeing,757-200,2021-01-17
HA,HA6609,MDW,SFO,Boeing,717-200,2022-04-09
DL,DL2985,BWI,IAD,Boeing,777-300ER,2020-07-16
DL,DL3320,MCO,DEN,Boeing,767-300ER,2022-11-30
AS,AS5561,DFW,JFK,Boeing,737-900ER,2021-03-10
DL,DL4105,ATL,LAX,Embraer,E170,2020-11-25
DL,DL3279,PHL,LAX,Convair,C208B,2020-10-21
HA,HA7565,IAD,LAS,Bombardier,CRJ200,2020-06-27
HA,HA4917,LAX,SEA,Boeing,737-800,2021-06-29
AA,AA7117,IAD,BNA,Boeing,747-400,2020-09-07
AA,AA6381,MDW,BOS,Boeing,767-200,2020-12-06
UA,UA3524,MCO,SLC,Airbus,A350-900,2022-01-28
HA,HA9981,IAH,DTW,Boeing,767-200,2022-09-15
AA,AA8474,BWI,SEA,McDonnell Douglas,MD-11F,2022-07-24
HA,HA1011,SFO,SLC,Boeing,737-700,2020-07-16
AS,AS6809,IAH,DEN,Boeing,717-200,2021-08-24
UA,UA6725,MDW,DFW,Airbus,A321neo,2022-10-09
DL,DL4215,PHL,BNA,Airbus,A320,2020-01-01
SW,SW3391,EWR,SLC,Embraer,E190,2021-02-16
HA,HA1419,ORD,PHX,Bombardier,DHC-8-400,2021-12-22
AA,AA2643,TPA,PHX,Bombardier,Global Express,2022-04-24
UA,UA1056,DFW,FLL,Bombardier,CRJ700,2022-11-17
HA,HA3353,MCO,BWI,Embraer,E175,2022-03-27
HA,HA1433,SAN,BNA,Boeing,747-400,2020-01-19
AA,AA3863,MDW,LAS,Bombardier,CRJ700,2020-02-12
HA,HA4201,JFK,FLL,Boeing,737-800,2022-11-05
UA,UA3860,ORD,JFK,Boeing,737-900ER,2021-10-10
HA,HA7716,DFW,MSP,Convair,C208B,2020-09-26
UA,UA3109,BOS,SAN,Boeing,767-200,2021-07-25
HA,HA1590,LGA,PHL,Boeing,777F,2020-12-13
UA,UA7163,SFO,BOS,Boeing,737 MAX 8,2022-08-31
SW,SW7799,SLC,EWR,Embraer,E170,2022-06-13
AA,AA8461,ORD,BWI,Boeing,767-300ER,2020-03-16
HA,HA1726,IAH,BWI,Airbus,A350-900,2022-05-08
HA,HA4791,SFO,SAN,Boeing,717-200,2021-07-14
AS,AS9810,SLC,ORD,Boeing,787-9,2022-06-25
HA,HA1007,SLC,IAD,Boeing,737-900ER,2022-06-27
SW,SW1455,ATL,DEN,Boeing,767-300,2021-12-17
UA,UA2197,CLT,MDW,Convair,C208B,2020-10-07
DL,DL2688,ATL,DEN,Boeing,777-200,2022-08-22
DL,DL6510,PHX,PHL,McDonnell Douglas,MD-83,2022-03-29
DL,DL7111,BNA,CLT,Boeing,767-300F,2020-08-30
AA,AA6409,JFK,DEN,Boeing,737-900,2022-02-03
AA,AA2182,DEN,DTW,Airbus,A330-200,2021-02-06
HA,HA1461,SAN,IAD,Embraer,ERJ-145,2020-04-09
AA,AA8908,PHX,SFO,Bombardier,CRJ900,2021-07-29
HA,HA6268,LAX,MSP,McDonnell Douglas,MD-11F,2020-09-02
UA,UA6185,DEN,TPA,Embraer,E175,2021-01-22
DL,DL3871,EWR,BNA,Boeing,717-200,2020-07-21
AS,AS5276,IAH,SFO,Boeing,777F,2022-08-31
UA,UA5132,DEN,ORD,Boeing,737-900,2022-05-10
AA,AA1484,LAX,SEA,Boeing,767-200,2020-12-20
AA,AA6259,PHL,MSP,Boeing,757-200,2021-09-13
SW,SW5160,ATL,PHX,Boeing,737 MAX 9,2022-09-20
HA,HA5075,SEA,CLT,ATR,ATR 42,2020-10-09
SW,SW5489,IAD,PHX,Airbus,A320,2020-10-10
AS,AS7399,SAN,BWI,Boeing,767-300F,2021-04-14
AS,AS7641,MDW,LAS,Bombardier,CRJ900,2022-08-16
AA,AA6990,BWI,SAN,McDonnell Douglas,MD-83,2020-01-04
AA,AA3690,IAD,MIA,Boeing,767-400ER,2022-02-06
DL,DL2715,SFO,MDW,Embraer,ERJ-145,2021-10-08
DL,DL7603,TPA,BWI,Boeing,767-300,2022-02-04
UA,UA6856,SFO,DEN,Boeing,737-800,2022-03-02
UA,UA3586,MCO,DEN,McDonnell Douglas,MD-11F,2022-03-17
AS,AS4732,MDW,EWR,Boeing,747-400F,2022-03-10
HA,HA9520,JFK,BNA,Airbus,A321,2022-11-09
HA,HA7548,SFO,IAH,Boeing,737-800,2021-06-20
UA,UA8644,CLT,FLL,Boeing,737-400,2021-11-23
UA,UA4540,DTW,BNA,Embraer,ERJ-140,2022-02-20
HA,HA8728,DTW,BNA,Boeing,787-9,2020-01-07
HA,HA6771,BWI,SAN,Embraer,ERJ-140,2022-10-12
AA,AA5521,JFK,PHX,Boeing,767-400ER,2021-12-26
AA,AA2572,MSP,JFK,Boeing,737 MAX 8,2020-02-12
AA,AA1823,IAH,DFW,Boeing,777-200,2021-02-20
AS,AS6974,LAS,SLC,Boeing,787-8,2022-03-26
SW,SW3905,BOS,MDW,Bombardier,CRJ200,2022-04-23
DL,DL2312,SAN,JFK,ATR,ATR 42,2021-03-02
HA,HA3007,EWR,BOS,Bombardier,DHC-8-400,2020-07-26
HA,HA6395,ATL,MIA,McDonnell Douglas,MD-88,2022-11-14
SW,SW5865,CLT,DEN,Boeing,737-400,2021-09-06
AS,AS4845,CLT,SLC,Bombardier,CRJ900,2022-08-29
DL,DL9342,ATL,MDW,Embraer,E170,2020-04-05
AA,AA7160,IAH,LAX,Boeing,737-400,2020-02-14
DL,DL3943,IAD,DEN,Convair,C208B,2022-05-15
HA,HA2961,ATL,TPA,Boeing,747-400F,2022-07-07
AA,AA7511,MSP,MCO,Bombardier,CRJ700,2020-05-14
SW,SW6231,MIA,BNA,ATR,ATR 42,2022-05-12
AA,AA8946,JFK,PHL,Boeing,737 MAX 9,2022-06-25
UA,UA5736,ATL,DTW,Boeing,737 MAX 9,2022-08-03
DL,DL8240,IAD,SFO,Boeing,737 MAX 8,2022-11-21
HA,HA2189,MSP,CLT,Bombardier,CRJ700,2020-02-12
AA,AA5410,MSP,LAS,Embraer,E190,2022-07-25
AA,AA9439,ORD,FLL,Boeing,767-300ER,2020-09-19
DL,DL7523,BWI,MCO,Boeing,737-800,2021-06-04
AS,AS2936,PHX,IAD,Boeing,737-800,2020-01-10
UA,UA3647,IAH,LAS,Embraer,E190,2020-05-12
AA,AA6693,SLC,BWI,Boeing,767-300ER,2021-11-22
AA,AA1009,BOS,BWI,Bombardier,CRJ200,2022-03-02
UA,UA8364,EWR,TPA,ATR,ATR 72,2021-10-02
HA,HA5601,JFK,MSP,Airbus,A330-300,2020-10-26
DL,DL7774,MDW,PHL,Boeing,747-400,2021-02-19
AA,AA4265,MDW,MSP,Boeing,787-8,2021-12-21
SW,SW1771,DTW,MIA,Boeing,767-300,2020-08-22
UA,UA9470,SFO,IAH,Boeing,767-400ER,2020-05-12
SW,SW4564,TPA,PHL,Bombardier,CRJ200,2020-03-25
DL,DL8159,CLT,IAD,Bombardier,CRJ900,2020-09-27
AS,AS5959,DTW,LAX,Boeing,737-400,2022-02-11
AS,AS2064,BOS,IAD,Boeing,787-8,2021-10-14
HA,HA7631,CLT,ORD,Boeing,737 MAX 8,2020-10-15
AA,AA8968,SFO,BWI,Boeing,787-9,2022-09-20
AA,AA4293,ORD,MIA,Boeing,767-300,2021-07-10
SW,SW8049,CLT,DTW,ATR,ATR 72,2020-10-17
HA,HA3884,DTW,MDW,Boeing,737-900ER,2022-03-23
AS,AS4225,PHX,ATL,McDonnell Douglas,MD-88,2021-04-11
HA,HA2690,MSP,BOS,Embraer,ERJ-145,2020-10-02
AS,AS7256,LGA,MSP,Boeing,767-300F,2020-07-24
AS,AS9080,DFW,MDW,Bombardier,DHC-8-400,2020-06-10
SW,SW7135,BOS,ORD,McDonnell Douglas,MD-88,2021-06-28
AS,AS9269,LGA,DFW,Boeing,767-200,2022-05-27
HA,HA6762,CLT,BWI,Airbus,A321neo,2021-11-09
AS,AS7627,LGA,FLL,Boeing,787-8,2021-11-15
SW,SW6641,DFW,SLC,Bombardier,CRJ900,2020-04-07
AA,AA4466,LAX,EWR,Boeing,767-300F,2021-12-09
AS,AS1983,IAH,DTW,Boeing,717-200,2022-05-15
AS,AS2432,MIA,DEN,Airbus,A320,2021-06-03
DL,DL6645,MDW,DEN,Bombardier,Global Express,2022-11-15
AA,AA3665,PHX,SEA,Boeing,737-800,2020-05-07
UA,UA9229,DTW,LAX,Boeing,737-700,2022-10-09
AS,AS8482,SEA,DFW,Boeing,767-300ER,2021-12-22
AS,AS6219,DFW,JFK,Boeing,767-400ER,2022-06-11
AA,AA3986,IAD,CLT,Embraer,E170,2020-05-09
AS,AS5916,PHX,DTW,ATR,ATR 72,2021-03-06
AA,AA3514,MCO,MSP,Bombardier,CRJ700,2022-02-26
HA,HA9126,SLC,FLL,Boeing,777-300ER,2020-09-26
AA,AA3675,BWI,MDW,Airbus,A330-200,2022-12-15
DL,DL4465,MCO,IAD,Boeing,737-400,2022-09-10
AA,AA2753,CLT,LAX,Boeing,777-200,2020-05-07
HA,HA1065,CLT,MDW,Airbus,A350-900,2020-02-21
HA,HA7253,BNA,SFO,Boeing,737-400,2021-08-13
AA,AA1636,DFW,DTW,Boeing,777-200,2020-11-25
AA,AA4175,ATL,MCO,Airbus,A350-900,2020-08-08
DL,DL1905,PHX,FLL,Boeing,787-9,2020-03-20
SW,SW8578,DTW,ATL,Embraer,ERJ-140,2020-05-02
AS,AS1870,MIA,PHL,Airbus,A350-900,2021-02-17
UA,UA7329,IAD,SEA,ATR,ATR 42,2021-10-30
DL,DL8930,PHX,MSP,Airbus,A350-900,2020-03-27
HA,HA6853,IAH,PHL,Boeing,777-300ER,2020-03-18
UA,UA6859,IAH,LGA,Airbus,A330-200,2020-07-13
SW,SW2205,BNA,PHX,McDonnell Douglas,MD-83,2020-06-21
AS,AS5866,EWR,LAX,Airbus,A321neo,2021-04-19
HA,HA8249,FLL,JFK,Boeing,767-300F,2020-06-27
SW,SW3645,FLL,LGA,ATR,ATR 42,2022-06-27
DL,DL1906,PHL,MSP,Embraer,ERJ-140,2021-07-08
DL,DL3922,PHL,MSP,Boeing,787-9,2021-11-10
AA,AA5351,MCO,CLT,Bombardier,DHC-8-400,2020-08-28
AS,AS5576,ATL,MDW,Airbus,A330-200,2020-11-27
AS,AS8913,MDW,SFO,Boeing,767-400ER,2021-02-16
DL,DL9394,CLT,LGA,McDonnell Douglas,MD-83,2020-07-16
UA,UA5990,PHX,TPA,Airbus,A321,2021-07-07
AA,AA9779,ORD,LAX,Bombardier,Global Express,2020-06-09
HA,HA6878,SEA,BNA,Boeing,717-200,2022-10-07
DL,DL7665,ATL,IAH,Boeing,767-200,2021-04-03
UA,UA5594,DEN,PHX,ATR,ATR 72,2020-03-24
AA,AA9936,IAH,MIA,Airbus,A320,2021-03-25
AA,AA2933,LAS,SLC,ATR,ATR 42,2021-12-24
AA,AA7010,IAD,ATL,Boeing,787-9,2020-01-27
HA,HA7858,IAH,FLL,Embraer,E170,2020-11-12
HA,HA9952,DTW,MCO,Boeing,777-300ER,2020-10-05
UA,UA5638,LGA,PHL,Airbus,A350-900,2022-03-22
SW,SW5615,MDW,SEA,Convair,C208B,2021-07-04
DL,DL2178,BNA,MSP,ATR,ATR 72,2022-12-10
UA,UA4215,SLC,SEA,Boeing,737-800,2022-09-03
HA,HA8397,FLL,DTW,McDonnell Douglas,MD-11F,2021-06-15
AS,AS9554,BOS,LAS,Boeing,737 MAX 8,2021-06-25
SW,SW6400,SAN,BNA,Boeing,737 MAX 8,2022-07-04
DL,DL7562,ORD,PHL,Boeing,747-400F,2020-08-19
AA,AA9460,DEN,MDW,Embraer,E190,2021-10-30
UA,UA6552,DTW,SFO,Airbus,A330-300,2022-05-13
DL,DL9122,FLL,DEN,Boeing,747-8F,2021-02-23
DL,DL2813,PHX,DTW,Boeing,737-900ER,2020-07-31
AS,AS3720,TPA,MIA,ATR,ATR 72,2021-04-22
SW,SW1574,SAN,PHX,ATR,ATR 72,2022-07-31
AS,AS3848,TPA,EWR,McDonnell Douglas,MD-83,2021-01-09
AA,AA5696,MSP,MDW,Bombardier,CRJ200,2021-09-27
AA,AA2787,MSP,FLL,Embraer,E170,2020-12-11
SW,SW3909,LAS,DTW,Bombardier,CRJ900,2021-04-20
UA,UA7102,LAS,ORD,Embraer,E170,2020-06-12
AS,AS7819,BNA,EWR,Boeing,757-200,2022-05-17
DL,DL1932,JFK,BWI,Embraer,E175,2022-10-03
HA,HA3416,SEA,JFK,Boeing,717-200,2020-03-16
HA,HA6261,SAN,CLT,Airbus,A330-200,2022-09-18
SW,SW8130,FLL,SLC,Boeing,737 MAX 9,2020-04-30
AS,AS8416,SFO,TPA,Boeing,767-400ER,2021-09-21
HA,HA7928,CLT,LAX,ATR,ATR 42,2022-11-19
AS,AS6911,IAD,FLL,Boeing,737-800,2021-07-28
UA,UA7691,MDW,MSP,Airbus,A321neo,2021-05-01
DL,DL2003,MIA,PHX,Airbus,A320,2021-12-11
DL,DL3947,LGA,SLC,Boeing,767-300,2022-05-18
DL,DL6845,JFK,EWR,Boeing,787-9,2021-12-01
AS,AS1993,PHX,ORD,Embraer,ERJ-145,2022-12-30
SW,SW6239,IAH,SEA,Boeing,737 MAX 8,2021-11-04
AA,AA1059,DTW,LGA,Boeing,757-300,2022-10-10
AS,AS1263,PHX,DFW,Boeing,737 MAX 8,2020-06-15
DL,DL6490,JFK,MSP,Bombardier,CRJ700,2020-07-24
AA,AA9895,MDW,EWR,ATR,ATR 42,2021-03-27
AA,AA7287,JFK,FLL,Boeing,787-9,2020-02-09
UA,UA9497,BNA,SAN,Embraer,ERJ-140,2020-10-19
AS,AS3050,BWI,MSP,McDonnell Douglas,MD-83,2022-12-03
AS,AS4764,LAX,IAD,Airbus,A330-300,2020-09-04
AA,AA3736,SFO,PHX,McDonnell Douglas,MD-83,2021-05-16
HA,HA7151,DTW,TPA,Boeing,717-200,2020-02-26
SW,SW2892,MSP,CLT,Boeing,747-400,2020-11-07
UA,UA2680,DFW,MDW,Boeing,787-9,2020-05-17
SW,SW3059,SLC,SFO,Boeing,737-900,2021-05-08
AA,AA1532,DTW,BWI,Bombardier,CRJ900,2022-04-12
AS,AS2631,LGA,BWI,Boeing,787-8,2020-04-06
SW,SW6310,TPA,PHX,Boeing,777-200,2020-04-07
SW,SW5993,IAD,CLT,Boeing,737 MAX 9,2021-04-13
DL,DL9913,LGA,MSP,Airbus,A321,2020-07-22
AA,AA8700,ATL,TPA,Bombardier,DHC-8-400,2022-04-18
UA,UA9032,LGA,MSP,Airbus,A321neo,2022-03-25
DL,DL9879,JFK,PHL,Bombardier,DHC-8-400,2021-08-02
UA,UA4783,TPA,ATL,Airbus,A350-900,2021-05-29
DL,DL3975,LAX,DEN,Embraer,ERJ-145,2020-08-02
DL,DL7127,IAD,BWI,Boeing,767-300F,2021-12-06
AA,AA7839,SFO,FLL,Boeing,767-300F,2022-07-29
DL,DL3278,BWI,TPA,Boeing,777-300ER,2020-07-09
SW,SW5433,EWR,IAH,Airbus,A321neo,2020-02-23
DL,DL5665,MCO,ORD,Embraer,ERJ-140,2021-03-02
HA,HA5916,SAN,LGA,Boeing,757-200,2022-04-23
AS,AS7309,MDW,FLL,Airbus,A330-300,2021-06-29
HA,HA7466,MCO,MDW,Boeing,757-300,2020-06-25
AA,AA3159,BNA,ATL,Boeing,767-300ER,2021-04-29
UA,UA8179,DEN,JFK,McDonnell Douglas,MD-83,2022-01-09
UA,UA2032,JFK,FLL,Boeing,747-400,2021-04-16
DL,DL5482,IAH,LAS,Boeing,737 MAX 9,2021-03-22
AS,AS4482,SEA,ATL,Boeing,737-800,2021-03-06
AS,AS6646,LGA,BNA,Boeing,777-300ER,2021-06-03
SW,SW4546,MDW,MSP,Boeing,787-9,2020-01-12
SW,SW7941,ATL,EWR,Bombardier,Global Express,2022-05-28
DL,DL5623,ATL,IAH,Embraer,ERJ-145,2020-08-06
AS,AS5971,MSP,EWR,McDonnell Douglas,MD-11F,2020-10-06
HA,HA1804,ATL,SFO,Airbus,A320neo,2020-12-19
UA,UA2054,DEN,ORD,Boeing,737 MAX 8,2022-12-01
AA,AA9708,CLT,SFO,McDonnell Douglas,MD-88,2022-03-05
SW,SW9501,CLT,ORD,Boeing,777-200ER,2022-12-06
DL,DL9219,DFW,SEA,Airbus,A330-200,2020-01-22
DL,DL6059,LAS,JFK,Boeing,747-8F,2020-01-09
UA,UA1385,TPA,LAX,Bombardier,DHC-8-400,2022-10-03
SW,SW4452,MCO,BNA,McDonnell Douglas,MD-83,2022-10-24
HA,HA8856,DFW,MDW,Bombardier,CRJ200,2020-09-17
SW,SW9409,PHL,LAS,Boeing,757-200,2020-02-28
AA,AA6687,TPA,BWI,ATR,ATR 72,2020-06-29
DL,DL2173,MCO,FLL,Boeing,737-700,2021-11-21
DL,DL4524,SEA,BOS,Embraer,E170,2022-12-06
HA,HA4271,DTW,MDW,Boeing,717-200,2022-10-04
SW,SW9583,BNA,DEN,Convair,C208B,2020-05-02
HA,HA7137,ORD,DFW,Airbus,A330-200,2021-04-16
AA,AA1300,PHL,IAH,Embraer,E190,2022-04-27
AA,AA9203,MIA,MCO,Embraer,ERJ-140,2021-09-01
AA,AA1316,LGA,FLL,Boeing,757-200,2021-06-30
HA,HA9782,MDW,TPA,Boeing,777-200,2022-11-27
AS,AS6709,SLC,LGA,Airbus,A321,2021-02-21
AS,AS8721,EWR,DFW,McDonnell Douglas,MD-11F,2022-10-04
UA,UA7955,MSP,LAX,Boeing,737 MAX 8,2021-09-04
HA,HA1547,BNA,DTW,Boeing,787-9,2021-08-07
DL,DL9596,BNA,EWR,Boeing,767-300F,2021-03-24
DL,DL6126,IAH,PHX,Boeing,747-400,2022-03-29
UA,UA7318,TPA,FLL,Boeing,787-8,2020-10-17
AA,AA3724,BOS,FLL,Airbus,A330-200,2020-01-10
UA,UA8983,FLL,LAX,Boeing,767-300,2020-05-02
AA,AA5466,SFO,PHL,Boeing,777-200ER,2022-12-14
AA,AA7806,TPA,MDW,Boeing,787-8,2021-05-19
SW,SW9395,BWI,BNA,Boeing,767-300F,2020-11-16
AA,AA7474,MIA,PHL,Boeing,777F,2021-09-25
UA,UA6860,MIA,BOS,Bombardier,CRJ200,2021-10-17
UA,UA7183,BOS,ATL,Boeing,757-300,2022-08-05
DL,DL8858,JFK,BNA,Airbus,A330-300,2022-08-09
AA,AA6558,MCO,DTW,Boeing,747-400F,2020-09-21
AA,AA3636,SEA,DTW,Boeing,777-200ER,2022-11-16
DL,DL6151,SEA,BOS,Bombardier,DHC-8-400,2021-03-10
DL,DL9672,DEN,IAH,Embraer,E190,2021-08-07
AA,AA8844,LAX,MIA,Boeing,747-400F,2021-11-19
DL,DL2226,JFK,LGA,Airbus,A330-200,2022-06-16
AA,AA4858,DEN,DFW,Airbus,A321,2021-06-07
AA,AA1340,ORD,LGA,Bombardier,CRJ900,2021-03-06
AS,AS5172,BWI,MCO,Bombardier,CRJ900,2021-07-14
SW,SW5667,MSP,CLT,Boeing,767-200,2022-02-28
SW,SW4299,PHL,MSP,McDonnell Douglas,MD-83,2020-10-16
SW,SW5011,PHL,CLT,Boeing,737-800,2020-05-02
HA,HA2295,MIA,BOS,Boeing,767-300,2020-09-11
SW,SW9282,SLC,IAH,Boeing,767-300,2021-09-04
UA,UA1484,ATL,IAD,Boeing,767-300,2020-02-08
AA,AA4426,LGA,DFW,Airbus,A350-900,2022-02-22
DL,DL3959,SFO,BNA,Boeing,737 MAX 8,2022-04-30
SW,SW5457,FLL,MSP,McDonnell Douglas,MD-88,2021-03-08
DL,DL3107,MCO,EWR,Embraer,E190,2022-03-10
DL,DL4297,ATL,BOS,Bombardier,CRJ200,2022-01-19
DL,DL8492,MCO,ATL,Boeing,737-900ER,2022-12-29
AA,AA8383,EWR,LAX,Embraer,E170,2020-03-09
SW,SW3461,JFK,EWR,ATR,ATR 72,2021-03-23
SW,SW8493,DTW,TPA,Airbus,A320neo,2021-05-21
AS,AS6354,FLL,IAH,Boeing,737-800,2022-06-20
SW,SW3590,SEA,FLL,Embraer,ERJ-140,2020-08-20
HA,HA5813,LAS,CLT,Boeing,737 MAX 9,2022-02-02
HA,HA1189,PHL,ORD,Airbus,A321neo,2022-10-16
HA,HA9789,MIA,SLC,Convair,C208B,2020-02-23
SW,SW5987,PHL,IAD,Boeing,757-200,2020-01-11
HA,HA4703,ATL,PHX,Boeing,777-200ER,2021-05-02
SW,SW4152,JFK,LGA,McDonnell Douglas,MD-11F,2021-05-17
AS,AS9754,PHL,SLC,Boeing,787-9,2020-02-26
HA,HA6855,SLC,PHX,Embraer,ERJ-145,2022-01-15
UA,UA8178,DTW,IAD,Boeing,737-800,2022-06-10
HA,HA6459,LAX,SLC,ATR,ATR 42,2020-01-25
DL,DL3160,DTW,MDW,Airbus,A320,2020-08-22
HA,HA9085,BWI,CLT,Boeing,767-300ER,2021-03-21
AA,AA6530,DTW,SAN,Boeing,757-300,2020-02-24
AA,AA4532,TPA,MSP,Airbus,A330-300,2022-01-29
SW,SW2858,TPA,PHL,Bombardier,CRJ900,2020-03-06
AS,AS3079,CLT,SEA,Boeing,717-200,2022-01-10
UA,UA3999,LAX,IAH,Boeing,787-9,2020-12-18
UA,UA7429,JFK,IAD,Bombardier,CRJ200,2020-08-27
AS,AS6861,TPA,ATL,Embraer,E190,2022-04-05
HA,HA1053,SAN,IAD,ATR,ATR 72,2022-05-07
DL,DL3232,DFW,TPA,McDonnell Douglas,MD-88,2022-05-05
SW,SW6495,BNA,SLC,Boeing,767-300,2020-01-14
SW,SW5179,BWI,DFW,Airbus,A330-300,2021-05-29
SW,SW2867,EWR,LAS,Airbus,A350-900,2021-09-24
SW,SW3051,MCO,SLC,Airbus,A320neo,2021-01-16
SW,SW7801,ATL,JFK,Boeing,787-9,2021-05-18
HA,HA1457,EWR,MIA,Boeing,767-300F,2020-01-13
SW,SW9750,BOS,IAD,McDonnell Douglas,MD-11F,2022-01-11
HA,HA5347,JFK,TPA,Boeing,777-300ER,2021-12-21
SW,SW1980,BOS,TPA,Airbus,A321neo,2021-06-08
DL,DL6900,LGA,EWR,Bombardier,DHC-8-400,2020-08-12
SW,SW1413,ORD,MSP,Bombardier,CRJ900,2021-10-04
SW,SW1726,LAX,SEA,Boeing,757-300,2020-11-13
HA,HA8165,LGA,SAN,Bombardier,CRJ200,2020-04-06
HA,HA7807,BNA,MIA,Boeing,737-700,2021-12-06
AS,AS6574,BOS,SFO,McDonnell Douglas,MD-88,2020-02-15
AS,AS1942,ORD,BWI,Boeing,747-8F,2020-03-10
DL,DL5261,PHL,LAX,Boeing,747-400,2021-01-12
HA,HA1306,PHL,BNA,Boeing,777-300ER,2020-04-02
AA,AA7650,SLC,SAN,ATR,ATR 72,2020-07-08
DL,DL4078,IAH,SEA,Boeing,767-300F,2021-05-22
SW,SW7598,DFW,MIA,Boeing,747-400,2022-03-12
AA,AA4456,ORD,LGA,Embraer,ERJ-145,2021-06-16
SW,SW7833,IAD,MCO,Boeing,767-400ER,2021-05-24
AS,AS4382,BWI,SLC,Boeing,787-8,2020-05-09
AA,AA8815,DFW,JFK,Boeing,747-400F,2020-01-20
UA,UA6458,SAN,PHX,Bombardier,DHC-8-400,2022-02-20
DL,DL6868,FLL,PHX,Airbus,A320neo,2022-02-06
DL,DL8938,SAN,JFK,Boeing,747-400,2020-07-13
DL,DL8684,LAS,PHX,Boeing,737-900,2021-10-19
AS,AS4255,MCO,DFW,Boeing,777-200ER,2021-04-26
UA,UA1081,ORD,IAH,Bombardier,CRJ700,2022-02-04
HA,HA9416,BOS,JFK,Airbus,A330-300,2022-09-05
UA,UA3324,BNA,FLL,Boeing,767-300F,2022-03-27
HA,HA6318,ATL,MDW,Boeing,737-900,2020-06-06
DL,DL6774,TPA,EWR,Embraer,ERJ-140,2020-05-31
SW,SW3663,IAD,MIA,Bombardier,CRJ700,2020-12-13
DL,DL5609,PHL,FLL,ATR,ATR 42,2021-02-12
SW,SW7320,ORD,FLL,Bombardier,CRJ200,2022-09-29
HA,HA8125,ORD,CLT,Boeing,737-400,2021-03-21
SW,SW3114,SAN,CLT,Boeing,757-200,2021-07-27
SW,SW4093,SFO,MCO,Boeing,777-200ER,2020-08-31
DL,DL9620,PHX,MDW,Boeing,767-300ER,2020-07-11
SW,SW9477,SFO,DEN,Boeing,767-300ER,2020-01-27
UA,UA7399,JFK,MSP,Boeing,737-800,2020-06-25
SW,SW3724,SLC,BOS,Embraer,E170,2020-04-01
AS,AS5522,CLT,ATL,Bombardier,CRJ200,2021-01-01
AA,AA4012,LAX,MSP,Convair,C208B,2022-04-24
AS,AS2580,DFW,DTW,Embraer,ERJ-140,2022-01-17
AS,AS9534,LGA,BNA,Boeing,747-8F,2020-06-11
SW,SW5930,SAN,MDW,Embraer,ERJ-145,2021-11-24
UA,UA5220,LAX,ORD,Boeing,717-200,2022-11-19
SW,SW9804,PHX,LGA,Bombardier,CRJ900,2021-05-31
DL,DL5074,LGA,MCO,Airbus,A330-200,2022-05-05
HA,HA7645,LGA,MDW,Boeing,777-200ER,2021-07-24
AA,AA2540,FLL,TPA,Boeing,747-400,2020-12-10
SW,SW4723,DTW,PHX,Embraer,E170,2022-08-21
DL,DL2063,FLL,TPA,McDonnell Douglas,MD-88,2022-07-18
AA,AA7395,MIA,MSP,Boeing,767-400ER,2020-06-23
SW,SW6813,DTW,MSP,Boeing,777-200,2021-05-12
HA,HA4658,DEN,IAD,Airbus,A320,2022-07-14
HA,HA7847,LAS,BWI,Boeing,737-700,2020-08-18
DL,DL9804,EWR,SFO,Boeing,767-300,2020-07-29
SW,SW2922,MSP,SFO,Airbus,A330-300,2021-04-18
DL,DL1984,BWI,FLL,ATR,ATR 72,2020-01-16
SW,SW3697,MCO,DEN,McDonnell Douglas,MD-83,2020-07-28
AS,AS5089,JFK,SLC,Bombardier,CRJ900,2020-04-30
AS,AS5331,MIA,DFW,Bombardier,Global Express,2021-03-30
HA,HA2786,CLT,DEN,Boeing,737-700,2022-03-28
AS,AS6175,SAN,IAD,Boeing,737-700,2022-08-08
SW,SW8095,SAN,BNA,Convair,C208B,2020-11-23
UA,UA9822,SEA,DEN,Boeing,767-300F,2021-06-27
SW,SW3571,MDW,FLL,Boeing,737-800,2021-07-07
AS,AS5645,LGA,IAH,Boeing,777F,2020-04-27
SW,SW1274,DFW,FLL,Boeing,737-900ER,2021-02-27
HA,HA1114,DFW,BWI,Boeing,747-8F,2020-02-22
AA,AA3075,DTW,BWI,Airbus,A350-900,2020-02-12
AS,AS6220,IAD,TPA,Embraer,E190,2022-05-27
SW,SW3621,DFW,DEN,Boeing,767-300,2022-07-09
SW,SW3817,SFO,MDW,McDonnell Douglas,MD-83,2021-01-01
AA,AA1599,ATL,CLT,Boeing,777-200ER,2021-01-21
DL,DL4331,DFW,PHX,Boeing,777F,2020-11-21
AS,AS4639,PHL,MCO,Boeing,737-400,2021-11-11
DL,DL5654,DTW,CLT,Airbus,A330-200,2022-07-12
DL,DL9029,ORD,EWR,Airbus,A330-200,2020-09-13
DL,DL3852,FLL,CLT,Boeing,767-400ER,2020-12-10
DL,DL2579,JFK,BNA,Boeing,737-900ER,2022-03-09
HA,HA9246,EWR,DEN,Boeing,777F,2022-06-14
AA,AA7888,BOS,JFK,Boeing,767-300F,2021-11-10
AS,AS6937,PHX,ORD,McDonnell Douglas,MD-11F,2021-11-12
DL,DL3270,BNA,LAX,Boeing,737 MAX 9,2022-03-23
UA,UA9671,PHL,SLC,Bombardier,CRJ700,2020-06-16
AA,AA6261,IAH,EWR,Boeing,777F,2021-01-09
AS,AS5189,EWR,LAS,Boeing,777-300ER,2020-11-13
DL,DL1389,CLT,LAX,Bombardier,CRJ200,2020-06-04
AA,AA4042,DTW,LAX,Airbus,A320neo,2021-12-24
AS,AS6226,MDW,PHX,Boeing,777-200,2022-07-19
SW,SW2244,LAX,MDW,Boeing,777F,2020-06-13
AS,AS9428,SLC,SEA,Embraer,E190,2020-03-03
UA,UA3515,MCO,SFO,ATR,ATR 72,2022-04-03
AA,AA3211,IAH,TPA,Boeing,747-8F,2021-08-14
UA,UA2718,PHX,SEA,Bombardier,DHC-8-400,2021-09-27
AS,AS7850,DFW,MIA,Airbus,A321neo,2022-06-11
AA,AA5479,ATL,JFK,Airbus,A320neo,2020-02-29
DL,DL6115,ATL,DTW,Boeing,767-200,2022-05-10
AA,AA6177,PHX,LAX,ATR,ATR 42,2020-06-11
AA,AA3663,LAX,SAN,Boeing,767-300F,2020-07-24
DL,DL4339,LGA,EWR,Airbus,A330-300,2022-05-13
SW,SW4436,MCO,SLC,Boeing,777-300ER,2022-02-26
DL,DL7684,LAS,FLL,Boeing,777-200ER,2021-02-23
AA,AA9465,LGA,DFW,McDonnell Douglas,MD-83,2020-10-10
UA,UA3051,LGA,BWI,Bombardier,CRJ200,2022-11-01
HA,HA2413,MCO,DEN,Boeing,747-400,2022-11-21
AS,AS3560,DTW,BNA,Airbus,A330-300,2020-11-29
DL,DL3864,BNA,ATL,Boeing,737-900,2022-04-15
HA,HA4102,JFK,TPA,Boeing,737-900,2022-03-22
HA,HA2923,JFK,SFO,Boeing,767-300F,2020-03-15
AS,AS8782,LGA,LAS,McDonnell Douglas,MD-88,2022-10-08
AA,AA8951,EWR,BOS,Boeing,747-400F,2022-10-24
SW,SW2736,MCO,TPA,Airbus,A321neo,2022-02-02
AA,AA3052,ATL,DFW,Boeing,737-800,2021-08-13
SW,SW1834,JFK,EWR,Boeing,737-800,2021-01-15
AA,AA3317,FLL,TPA,Airbus,A320,2021-06-19
DL,DL2522,DFW,DTW,Convair,C208B,2021-02-25
AS,AS5649,SLC,DTW,Airbus,A320,2021-12-25
AA,AA2752,BNA,DFW,Boeing,737-900ER,2021-03-22
HA,HA4957,MCO,PHX,Bombardier,DHC-8-400,2022-08-11
AS,AS6374,SAN,SLC,Embraer,ERJ-140,2020-02-15
UA,UA2284,EWR,TPA,ATR,ATR 72,2020-08-27
DL,DL9849,TPA,MDW,Boeing,737-900ER,2021-11-20
AS,AS6142,BOS,FLL,Boeing,737 MAX 9,2020-01-15
SW,SW7720,ORD,MCO,Bombardier,CRJ700,2020-07-25
HA,HA7070,SLC,PHX,Boeing,737-800,2022-09-28
AS,AS2686,IAD,IAH,Airbus,A350-900,2022-02-10
DL,DL8134,ORD,BOS,ATR,ATR 72,2022-01-02
UA,UA9717,JFK,SLC,Boeing,767-400ER,2022-04-17
SW,SW7783,MDW,FLL,Boeing,747-400,2021-11-25
UA,UA8579,PHL,EWR,Boeing,747-400,2021-11-20
HA,HA1966,BOS,MDW,Boeing,757-200,2022-06-25
UA,UA6640,BWI,IAH,Boeing,777F,2020-05-16
UA,UA5468,IAH,MDW,Boeing,737 MAX 8,2022-08-17
SW,SW3567,EWR,DFW,ATR,ATR 42,2021-05-04
UA,UA7968,SAN,MDW,Boeing,767-300,2020-10-26
HA,HA2830,DTW,IAH,Boeing,777-300ER,2022-08-20
AA,AA9139,PHX,MDW,Boeing,747-400,2021-07-22
DL,DL8578,PHL,EWR,Boeing,747-400F,2022-01-07
AS,AS9479,LAS,MSP,Convair,C208B,2022-03-22
DL,DL3976,LGA,TPA,Boeing,777F,2022-08-18
HA,HA9086,IAD,PHX,Bombardier,CRJ200,2021-04-11
AA,AA5530,ATL,IAH,Boeing,767-400ER,2021-10-22
UA,UA2788,LGA,BNA,Boeing,777-200,2022-12-20
AA,AA8114,DTW,SEA,Bombardier,CRJ200,2022-05-06
AA,AA6347,BWI,IAH,Boeing,717-200,2022-05-23
SW,SW3812,DEN,CLT,Embraer,ERJ-145,2020-09-16
SW,SW6887,EWR,ATL,Bombardier,Global Express,2020-08-25
DL,DL9163,DTW,ATL,Boeing,737-400,2021-08-13
HA,HA4745,ORD,EWR,Boeing,787-9,2022-09-25
UA,UA4446,PHL,MSP,McDonnell Douglas,MD-88,2020-05-30
SW,SW5047,JFK,DTW,Boeing,717-200,2021-02-13
SW,SW3393,PHX,LGA,Boeing,747-400,2020-06-14
UA,UA9283,MCO,IAH,Boeing,767-300ER,2021-02-25
UA,UA1641,PHL,FLL,Boeing,767-300ER,2022-09-04
SW,SW6170,LGA,MSP,Boeing,767-300F,2021-10-05
DL,DL4233,DFW,IAH,Boeing,767-400ER,2021-12-09
SW,SW7094,MIA,BOS,Embraer,ERJ-140,2022-04-26
UA,UA8521,DFW,LAX,Boeing,737 MAX 8,2022-01-28
AS,AS3118,SEA,ATL,Embraer,E170,2021-04-04
AA,AA2450,SAN,SLC,Boeing,737 MAX 8,2020-06-22
HA,HA2018,ATL,IAH,Boeing,767-400ER,2021-04-05
SW,SW5916,DFW,PHL,Airbus,A321neo,2020-08-22
SW,SW9669,DFW,JFK,Boeing,777-200ER,2020-08-05
UA,UA1070,IAH,LGA,Boeing,767-400ER,2021-07-02
SW,SW5467,PHX,LAX,Boeing,767-300ER,2021-03-23
AA,AA4414,EWR,LAX,Boeing,777-200,2022-07-12
DL,DL5155,LGA,MIA,Embraer,E170,2022-01-15
SW,SW1547,ATL,DTW,Airbus,A350-900,2021-08-19
HA,HA1120,PHL,MCO,Boeing,767-300ER,2021-04-03
AA,AA8797,BNA,CLT,Airbus,A320,2021-03-13
AA,AA2674,DFW,SLC,Boeing,737 MAX 8,2020-01-27
AS,AS3815,PHL,CLT,Airbus,A330-200,2020-12-16
AS,AS8024,BOS,DTW,Bombardier,CRJ700,2021-10-05
AS,AS5956,LGA,IAH,McDonnell Douglas,MD-88,2020-09-01
SW,SW6831,ORD,BOS,McDonnell Douglas,MD-88,2020-01-02
SW,SW3179,MCO,BWI,Boeing,747-400F,2021-08-03
SW,SW3864,SAN,EWR,Boeing,777-200ER,2020-04-24
HA,HA2621,MDW,EWR,Boeing,717-200,2020-06-12
DL,DL1717,LAS,TPA,Embraer,E175,2020-01-03
DL,DL6232,MDW,SLC,Boeing,787-8,2022-06-25
AA,AA6674,BWI,SFO,McDonnell Douglas,MD-83,2021-08-06
DL,DL8686,SLC,SEA,Airbus,A330-200,2021-12-05
AA,AA9942,BNA,MDW,Bombardier,DHC-8-400,2022-03-15
AS,AS7002,MCO,CLT,ATR,ATR 72,2021-06-09
AA,AA4956,SEA,FLL,Embraer,E170,2020-01-11
UA,UA8165,SAN,SLC,Bombardier,Global Express,2021-06-17
AA,AA5110,TPA,DFW,Airbus,A321,2021-11-09
SW,SW1898,MIA,PHX,Airbus,A320,2022-08-11
DL,DL1327,IAH,TPA,ATR,ATR 42,2022-02-20
DL,DL8789,SFO,LAS,Airbus,A350-900,2021-08-11
UA,UA1784,MIA,MCO,McDonnell Douglas,MD-11F,2022-08-12
UA,UA5336,CLT,ATL,Bombardier,Global Express,2022-03-29
AS,AS3316,LAX,MDW,Bombardier,Global Express,2020-03-06
DL,DL9349,SFO,MDW,Airbus,A321neo,2021-07-11
AS,AS6532,IAD,SLC,Boeing,737-800,2021-06-27
AS,AS9458,CLT,DEN,Embraer,E175,2020-12-14
DL,DL6363,CLT,ATL,Boeing,767-200,2021-07-28
SW,SW1224,ATL,DFW,Boeing,767-300ER,2022-05-09
AS,AS5941,BWI,MSP,ATR,ATR 42,2020-10-19
HA,HA7626,FLL,SLC,Boeing,747-400,2020-01-09
SW,SW7693,IAD,MCO,Boeing,767-400ER,2021-06-03
SW,SW2582,ATL,ORD,Boeing,757-200,2020-10-28
UA,UA7716,BOS,DFW,Boeing,757-300,2020-07-06
AA,AA4939,MSP,ORD,Boeing,737-900,2020-07-30
DL,DL3142,LAX,TPA,Embraer,E170,2021-12-20
AA,AA5633,MIA,ORD,ATR,ATR 42,2020-03-11
HA,HA6475,ATL,DEN,Bombardier,DHC-8-400,2022-02-08
SW,SW6635,FLL,SLC,Boeing,757-200,2022-03-19
AA,AA5336,PHL,BWI,Boeing,787-8,2022-06-02
AA,AA8846,FLL,IAD,Boeing,777-200ER,2021-06-26
AA,AA6063,ATL,DTW,Embraer,ERJ-145,2020-03-26
HA,HA9338,JFK,DEN,Boeing,767-200,2022-11-05
HA,HA3091,SLC,EWR,Boeing,737-400,2021-08-01
DL,DL4324,SFO,BNA,Bombardier,CRJ200,2021-09-17
SW,SW5962,FLL,IAD,Boeing,737-900ER,2020-12-12
DL,DL6651,IAH,CLT,ATR,ATR 72,2022-12-07
HA,HA9675,TPA,PHL,Boeing,767-200,2022-01-14
HA,HA3479,LAX,PHX,McDonnell Douglas,MD-88,2021-08-20
AA,AA4113,IAD,SFO,Bombardier,CRJ200,2020-01-20
DL,DL1323,MCO,ORD,Bombardier,CRJ200,2022-11-02
AS,AS9976,MCO,JFK,Boeing,737 MAX 8,2022-03-07
AS,AS6196,PHX,LGA,Airbus,A320,2022-11-02
HA,HA4784,JFK,BOS,Bombardier,DHC-8-400,2022-02-09
UA,UA1706,BOS,MCO,Boeing,767-400ER,2022-03-19
AS,AS8324,MSP,DTW,Boeing,767-300F,2020-01-25
AA,AA7636,SLC,DTW,Embraer,E170,2022-05-21
HA,HA4245,DEN,ORD,Embraer,E190,2022-02-07
SW,SW9436,MDW,TPA,Boeing,737-800,2022-09-20
HA,HA6474,ORD,DTW,Boeing,737-400,2020-01-12
UA,UA9055,MIA,SEA,McDonnell Douglas,MD-11F,2022-03-15
DL,DL9473,MCO,SLC,Airbus,A320,2021-07-25
AA,AA4278,MSP,TPA,Airbus,A330-300,2021-06-24
HA,HA1228,MDW,PHL,Embraer,E170,2022-06-18
UA,UA8727,EWR,MCO,Boeing,737 MAX 9,2022-04-24
AS,AS4384,PHL,JFK,Boeing,737-400,2022-07-26
AA,AA5843,IAD,DEN,Bombardier,CRJ900,2022-05-21
AS,AS8038,MSP,LGA,Boeing,737-900ER,2021-06-17
SW,SW7814,LGA,BNA,Airbus,A350-900,2022-06-23
AS,AS1041,ORD,CLT,Airbus,A350-900,2022-01-18
AS,AS2223,CLT,ORD,Boeing,737-400,2022-11-19
HA,HA6924,BWI,PHX,Boeing,767-300ER,2020-02-02
AA,AA7057,MSP,LAS,Airbus,A321neo,2021-03-06
HA,HA6977,EWR,DTW,Boeing,767-300ER,2022-10-11
SW,SW4720,IAH,MCO,Boeing,787-8,2020-08-01
AA,AA1904,LGA,SLC,Boeing,767-400ER,2022-02-09
HA,HA8243,MDW,ORD,Airbus,A350-900,2022-10-16
AA,AA7835,IAH,EWR,Embraer,ERJ-140,2021-04-22
HA,HA7944,LAS,JFK,Boeing,737-900,2021-03-01
HA,HA1759,MCO,BOS,Boeing,767-300F,2021-09-23
SW,SW6001,ORD,LAS,Boeing,767-300F,2022-11-23
DL,DL6708,PHX,JFK,Boeing,747-8F,2021-01-14
AS,AS6236,FLL,LAX,Airbus,A320neo,2020-04-02
SW,SW8780,PHX,DTW,ATR,ATR 72,2022-04-21
UA,UA1308,CLT,DTW,Boeing,757-300,2021-09-13
SW,SW3508,BWI,BOS,Boeing,767-300,2020-02-16
AS,AS8386,LAX,MCO,Bombardier,CRJ200,2020-03-18
AS,AS9533,SLC,BWI,ATR,ATR 42,2021-01-21
HA,HA1360,ATL,IAH,Boeing,777-200,2022-11-02
AA,AA2633,BOS,SEA,Airbus,A320,2022-04-24
UA,UA7645,LAS,DTW,Boeing,757-300,2020-12-24
HA,HA9727,EWR,MDW,Convair,C208B,2020-03-01
DL,DL3428,MDW,CLT,ATR,ATR 42,2022-10-08
UA,UA3953,FLL,LGA,ATR,ATR 42,2021-03-26
AS,AS6803,PHX,CLT,Airbus,A321neo,2022-02-09
AA,AA5665,PHX,IAH,Boeing,767-200,2021-06-15
SW,SW5152,PHX,TPA,Embraer,E175,2022-02-27
UA,UA4629,BOS,PHX,Boeing,787-8,2020-12-11
SW,SW4689,ATL,DTW,McDonnell Douglas,MD-11F,2022-11-07
AS,AS9400,BWI,SEA,Boeing,737-900,2020-08-23
AA,AA8212,SAN,TPA,Airbus,A320neo,2022-06-13
SW,SW7048,BWI,LAX,Boeing,737-700,2020-02-06
SW,SW6811,ATL,SAN,Airbus,A321,2022-01-03
SW,SW2179,LAS,IAD,Airbus,A320neo,2021-05-12
UA,UA3046,TPA,JFK,Boeing,787-9,2021-07-16
AS,AS7013,MCO,MSP,Boeing,747-400,2021-03-31
AA,AA2861,DFW,MDW,Bombardier,CRJ900,2021-03-30
AS,AS1197,FLL,IAH,Boeing,737-800,2020-05-07
SW,SW1467,EWR,BNA,ATR,ATR 42,2022-04-09
UA,UA2183,IAD,SAN,Boeing,757-200,2021-05-06
DL,DL3073,TPA,MSP,Boeing,777F,2020-03-13
AA,AA6876,LAS,MDW,Embraer,ERJ-140,2022-07-04
AA,AA4435,SLC,PHX,Boeing,767-400ER,2020-02-23
AS,AS9927,BWI,JFK,Embraer,ERJ-145,2021-12-05
SW,SW6762,LGA,SAN,Airbus,A321neo,2020-04-09
DL,DL5344,JFK,MDW,Embraer,E190,2021-03-04
AA,AA2012,SFO,IAD,Airbus,A320neo,2022-01-03
HA,HA7383,CLT,MIA,Boeing,757-300,2022-11-28
UA,UA2609,DFW,FLL,Boeing,777-300ER,2020-02-21
DL,DL1586,LAS,MDW,McDonnell Douglas,MD-11F,2021-12-12
AA,AA2580,MDW,ATL,Embraer,E175,2020-12-31
SW,SW9626,FLL,SEA,Boeing,787-8,2022-01-02
AA,AA6083,LAS,DEN,Airbus,A350-900,2021-06-16
DL,DL6264,MDW,ATL,Boeing,737-800,2021-04-18
AS,AS6258,PHL,LAX,McDonnell Douglas,MD-83,2021-09-09
AS,AS9183,DEN,SEA,Boeing,787-9,2020-02-15
AA,AA5249,BNA,BWI,Bombardier,CRJ200,2022-11-26
SW,SW3550,DTW,MCO,Airbus,A321neo,2022-10-23
SW,SW9114,LGA,LAX,Convair,C208B,2020-07-09
SW,SW2139,ATL,TPA,Airbus,A321,2020-06-16
HA,HA4048,JFK,IAH,Boeing,737-900,2020-12-26
AS,AS4492,BNA,PHL,Airbus,A330-300,2022-04-10
DL,DL2157,TPA,LAS,Boeing,767-300F,2022-11-14
UA,UA9213,BNA,EWR,Boeing,737-400,2021-05-02
UA,UA5208,CLT,BNA,ATR,ATR 72,2022-11-09
AA,AA1540,DFW,TPA,Boeing,787-9,2021-05-19
AS,AS9608,PHL,EWR,Airbus,A330-300,2021-10-20
AS,AS3277,BNA,SFO,Boeing,737-700,2020-05-11
AA,AA2155,LAX,FLL,Airbus,A330-300,2022-12-27
AS,AS2145,DTW,LAX,Airbus,A330-200,2022-01-03
UA,UA4832,ORD,FLL,Embraer,ERJ-145,2021-04-15
DL,DL2717,TPA,MCO,Boeing,767-300,2021-02-09
HA,HA9476,BWI,ATL,Boeing,787-9,2020-03-31
AS,AS9854,MCO,BWI,McDonnell Douglas,MD-11F,2020-03-18
UA,UA9776,BOS,IAD,Bombardier,CRJ900,2022-02-07
SW,SW7523,BOS,BWI,Boeing,737-900ER,2022-04-07
SW,SW4411,FLL,BNA,McDonnell Douglas,MD-88,2022-09-06
SW,SW8631,CLT,SAN,Boeing,767-200,2021-06-28
UA,UA2575,LAS,IAD,Embraer,E190,2021-02-06
DL,DL3036,MDW,CLT,Bombardier,CRJ900,2022-02-08
AA,AA6782,MSP,SLC,Boeing,747-8F,2021-12-18
SW,SW1387,LAS,IAH,Boeing,737-900,2021-01-26
AS,AS7866,BNA,LAS,McDonnell Douglas,MD-88,2021-03-27
SW,SW3735,PHX,IAD,Boeing,747-400,2022-05-21
HA,HA1524,JFK,SLC,Bombardier,CRJ700,2021-06-21
DL,DL4219,SEA,LAX,Airbus,A321,2022-04-07
DL,DL4234,SLC,BNA,Embraer,ERJ-140,2020-09-13
SW,SW2816,FLL,PHL,Bombardier,Global Express,2020-04-27
SW,SW5312,MSP,DFW,Boeing,737 MAX 8,2022-09-29
HA,HA8192,LAS,ATL,Bombardier,CRJ900,2020-05-27
HA,HA8860,BNA,PHL,Boeing,777-300ER,2022-04-17
DL,DL2942,MDW,MSP,Airbus,A330-200,2020-06-10
UA,UA9724,BWI,BOS,Airbus,A321,2021-11-26
AS,AS6177,BWI,SFO,Embraer,ERJ-145,2021-05-06
HA,HA9325,DFW,MIA,Bombardier,Global Express,2021-03-17
SW,SW2650,PHX,EWR,Embraer,E175,2022-09-08
HA,HA9844,DFW,BOS,Boeing,767-200,2022-02-20
UA,UA9633,LAX,SEA,Bombardier,CRJ900,2022-08-28
DL,DL1243,DEN,ORD,Boeing,737-900,2020-11-12
HA,HA5047,BWI,IAH,Boeing,777F,2020-09-29
HA,HA2226,DFW,SEA,Airbus,A330-200,2020-11-21
AA,AA3614,SAN,LAX,Airbus,A350-900,2021-04-16
UA,UA5110,MIA,SFO,Boeing,787-9,2020-07-30
AS,AS9146,BNA,DEN,Boeing,747-400,2020-09-16
AS,AS7132,SFO,LAS,Boeing,737-400,2022-02-04
AS,AS9624,EWR,IAD,McDonnell Douglas,MD-11F,2022-07-07
DL,DL7293,ORD,SLC,Boeing,737 MAX 9,2020-07-30
AS,AS4250,MCO,BWI,ATR,ATR 72,2021-11-17
SW,SW2593,LAS,MSP,Airbus,A350-900,2020-09-09
HA,HA5080,FLL,BWI,Airbus,A320,2020-06-12
SW,SW9056,BWI,BOS,Airbus,A321neo,2022-01-30
UA,UA2038,ATL,FLL,Boeing,737-400,2022-05-24
AA,AA1755,CLT,DTW,Boeing,767-400ER,2020-12-08
AA,AA7133,DEN,BOS,Boeing,747-400F,2022-01-12
UA,UA4631,SAN,FLL,Boeing,767-300,2020-09-14
AA,AA6167,TPA,LAX,McDonnell Douglas,MD-83,2021-03-31
DL,DL8924,LGA,EWR,McDonnell Douglas,MD-88,2021-05-21
UA,UA1700,PHL,IAH,Boeing,767-400ER,2020-11-21
AA,AA6245,LGA,DFW,Boeing,787-9,2021-01-14
AA,AA4824,MCO,LAS,Boeing,737 MAX 9,2022-09-03
AA,AA4169,JFK,MCO,McDonnell Douglas,MD-83,2021-02-05
DL,DL6176,EWR,ORD,McDonnell Douglas,MD-83,2020-01-20
AS,AS6771,SFO,DEN,Bombardier,DHC-8-400,2020-12-02
SW,SW6608,ORD,MIA,Boeing,787-9,2021-01-22
HA,HA1715,ORD,MCO,Bombardier,CRJ200,2022-12-06
AS,AS3842,DEN,SAN,Embraer,ERJ-140,2022-12-11
AS,AS4341,MIA,LGA,Boeing,777F,2022-04-02
UA,UA9018,SEA,SFO,Boeing,717-200,2022-04-20
HA,HA6670,FLL,DEN,Boeing,777-300ER,2020-11-27
DL,DL1724,MCO,SFO,Boeing,787-8,2022-11-09
AS,AS8535,JFK,MDW,Boeing,787-9,2020-06-29
AS,AS7722,BWI,MSP,Bombardier,CRJ900,2022-02-28
AA,AA1013,ATL,PHL,Airbus,A320neo,2021-05-29
AA,AA9067,BOS,LAS,McDonnell Douglas,MD-88,2020-09-28
SW,SW1036,MCO,MDW,Bombardier,CRJ200,2020-08-27
AS,AS4108,SLC,ORD,Boeing,737 MAX 8,2020-11-12
HA,HA1623,ORD,PHL,Airbus,A320neo,2022-06-11
HA,HA1578,IAD,DFW,Boeing,737 MAX 9,2021-11-06
UA,UA3594,PHX,LGA,Airbus,A320,2022-10-02
SW,SW4972,DEN,CLT,Boeing,777-200,2020-12-19
DL,DL7555,LAS,LGA,Convair,C208B,2021-08-07
AA,AA5962,SFO,TPA,Airbus,A330-200,2020-01-28
UA,UA4667,MSP,SAN,Embraer,E170,2022-04-16
HA,HA2120,DFW,SFO,Boeing,737 MAX 9,2020-01-04
HA,HA5234,ATL,FLL,McDonnell Douglas,MD-83,2022-04-23
DL,DL1006,SLC,DFW,McDonnell Douglas,MD-88,2021-07-29
UA,UA4487,SAN,ORD,Airbus,A330-300,2022-07-22
AS,AS1011,PHL,MCO,Boeing,767-300,2021-03-05
AS,AS7982,ORD,MIA,Boeing,747-8F,2022-07-18
HA,HA9979,PHX,ATL,Boeing,767-400ER,2022-12-27
HA,HA8159,JFK,IAD,Boeing,737-900,2021-01-06
UA,UA1996,TPA,PHX,Bombardier,CRJ200,2022-01-15
DL,DL7273,TPA,MCO,Embraer,ERJ-140,2021-03-07
AA,AA3861,BNA,MIA,Embraer,ERJ-140,2022-12-09
HA,HA4685,SLC,SEA,Boeing,737-400,2022-01-23
HA,HA5116,BWI,LAS,Airbus,A350-900,2021-01-21
HA,HA7408,DEN,TPA,Boeing,767-200,2020-12-05
UA,UA2921,DTW,IAD,Bombardier,CRJ200,2020-11-10
UA,UA3941,LAS,MCO,Embraer,E175,2022-01-27
SW,SW7040,DEN,LAS,Boeing,777-200,2021-10-16
DL,DL1000,LAX,IAD,Boeing,737-900ER,2020-03-18
UA,UA6017,MIA,SAN,Embraer,E170,2021-11-02
HA,HA9829,DTW,FLL,Airbus,A350-900,2021-01-29
HA,HA8806,MIA,IAD,Boeing,787-8,2022-01-20
SW,SW8050,LAX,BNA,Boeing,717-200,2021-01-11
AA,AA2525,BNA,ATL,Airbus,A350-900,2020-09-21
SW,SW8515,JFK,BOS,Boeing,737-900,2021-06-01
AA,AA8314,SEA,PHL,Boeing,747-400F,2020-08-20
HA,HA4149,IAD,ORD,Airbus,A320,2020-07-26
HA,HA7798,SFO,IAH,ATR,ATR 72,2020-09-19
SW,SW5095,ORD,IAH,Boeing,767-300F,2021-01-08
DL,DL2336,DTW,ORD,Boeing,737-700,2022-12-04
DL,DL4911,SLC,ORD,Convair,C208B,2020-10-08
AS,AS2414,MDW,SLC,Boeing,737-900,2021-02-15
HA,HA2795,BNA,MIA,Boeing,757-200,2020-09-14
AS,AS3783,ORD,BWI,Boeing,747-400F,2021-10-28
AS,AS7674,CLT,IAD,Bombardier,CRJ900,2021-09-23
HA,HA9779,LGA,LAX,Boeing,717-200,2021-07-17
AS,AS3695,ORD,BOS,Boeing,767-300ER,2022-09-06
HA,HA8024,DTW,DFW,Airbus,A320neo,2022-04-28
AS,AS5654,BWI,SAN,Boeing,757-300,2020-04-10
AA,AA8963,BWI,LGA,Boeing,777-300ER,2020-01-28
SW,SW4926,FLL,DTW,Boeing,747-8F,2021-01-13
UA,UA3385,DFW,ATL,Bombardier,Global Express,2021-07-22
UA,UA2911,MSP,DFW,Boeing,737-400,2022-08-28
HA,HA7169,CLT,ORD,ATR,ATR 42,2021-08-20
DL,DL5675,DFW,DEN,Embraer,E170,2022-07-16
HA,HA9242,PHL,EWR,Boeing,747-8F,2020-04-14
HA,HA1392,JFK,DTW,McDonnell Douglas,MD-88,2020-09-23
DL,DL1929,EWR,SFO,Boeing,737 MAX 9,2022-06-25
HA,HA4517,JFK,LGA,Boeing,767-200,2022-01-26
DL,DL5575,LAX,ATL,Boeing,737-900,2021-07-08
DL,DL3988,BOS,SLC,Embraer,E175,2021-01-14
AS,AS6152,MIA,FLL,Boeing,767-200,2022-10-10
DL,DL8476,MIA,JFK,Boeing,767-300,2022-05-14
AA,AA7208,MSP,SLC,Boeing,737 MAX 8,2021-08-08
SW,SW8431,MCO,TPA,Bombardier,CRJ900,2022-10-23
SW,SW7001,MDW,BOS,Airbus,A320neo,2022-10-28
SW,SW2469,CLT,SEA,Airbus,A321,2021-05-06
SW,SW4833,ATL,IAH,ATR,ATR 42,2020-11-26
DL,DL5163,LAS,LGA,Embraer,ERJ-145,2021-04-01
SW,SW7028,MCO,MDW,Airbus,A320neo,2022-08-14
SW,SW6179,SLC,DFW,McDonnell Douglas,MD-83,2020-05-17
SW,SW9681,SEA,IAD,ATR,ATR 72,2021-05-21
DL,DL8394,BWI,SAN,Airbus,A330-200,2020-08-13
AA,AA4679,FLL,JFK,Boeing,757-300,2020-02-16
SW,SW4940,PHX,CLT,Airbus,A330-300,2021-01-25
UA,UA7671,IAD,DEN,Boeing,767-300ER,2020-01-13
AS,AS2676,JFK,BNA,Boeing,767-200,2020-11-12
AA,AA7000,ORD,LAS,Bombardier,DHC-8-400,2020-05-31
DL,DL3788,SAN,BOS,Boeing,747-8F,2021-09-17
UA,UA6840,FLL,TPA,Embraer,E170,2020-08-29
AA,AA9146,IAD,SFO,Embraer,ERJ-140,2020-01-31
SW,SW7017,LAX,MSP,Airbus,A321,2022-07-02
DL,DL6524,SLC,TPA,Airbus,A321neo,2020-07-15
AA,AA4234,LAX,MDW,Boeing,747-400,2021-12-18
HA,HA2861,MIA,LGA,Bombardier,CRJ200,2021-08-24
DL,DL3357,ORD,JFK,Embraer,ERJ-145,2020-07-05
SW,SW5751,SLC,BWI,McDonnell Douglas,MD-11F,2020-08-14
DL,DL4273,PHL,BWI,Boeing,747-400F,2021-03-12
DL,DL3055,ATL,TPA,Boeing,777-200ER,2022-10-11
AS,AS1376,TPA,PHL,Boeing,767-200,2022-03-25
HA,HA5662,BWI,LGA,Boeing,737-800,2020-08-09
UA,UA2008,CLT,EWR,Embraer,ERJ-140,2020-11-09
SW,SW2758,BNA,EWR,Boeing,747-400,2020-12-16
AS,AS8578,FLL,ATL,ATR,ATR 72,2022-10-19
AA,AA6548,BWI,EWR,Airbus,A321,2021-06-13
DL,DL7904,ORD,JFK,Boeing,757-200,2021-02-13
HA,HA5898,IAD,DFW,Boeing,767-300F,2022-11-23
HA,HA5245,FLL,IAD,ATR,ATR 42,2021-05-19
AS,AS2945,MSP,SLC,Bombardier,CRJ200,2020-07-02
UA,UA2830,DTW,MSP,Embraer,E175,2021-04-13
DL,DL9889,PHX,ORD,Boeing,767-400ER,2021-08-10
SW,SW9673,ORD,BWI,Boeing,717-200,2020-04-30
SW,SW8857,BWI,LGA,Boeing,787-8,2020-06-27
AA,AA8326,LGA,SEA,Boeing,767-300F,2021-03-20
HA,HA6847,DFW,LAX,McDonnell Douglas,MD-11F,2020-11-29
AS,AS7133,TPA,PHL,Bombardier,CRJ200,2022-04-23
HA,HA3011,DEN,PHL,Airbus,A330-200,2022-02-18
HA,HA1365,SAN,IAD,Boeing,747-400F,2020-01-23
HA,HA4454,PHX,LAS,Boeing,767-300ER,2021-05-28
UA,UA4539,PHX,EWR,Convair,C208B,2022-02-12
SW,SW6632,SAN,ORD,ATR,ATR 42,2020-02-25
SW,SW6442,IAH,BWI,Airbus,A321neo,2020-07-11
AS,AS3512,MSP,IAD,McDonnell Douglas,MD-11F,2021-09-21
HA,HA6206,SEA,JFK,Bombardier,CRJ700,2022-11-28
AA,AA2626,DEN,JFK,Boeing,777F,2021-02-14
HA,HA7012,FLL,PHX,Embraer,ERJ-140,2022-09-01
DL,DL8077,BOS,BNA,Boeing,737-900ER,2020-02-01
AS,AS6249,SEA,DFW,Embraer,E190,2022-10-11
SW,SW8263,DFW,IAH,Boeing,777F,2021-02-27
UA,UA8482,BNA,MSP,Boeing,767-300F,2022-10-17
UA,UA1815,MSP,EWR,Convair,C208B,2020-06-03
AA,AA3583,MIA,TPA,Airbus,A330-300,2021-01-20
AA,AA3329,MDW,SAN,Boeing,767-400ER,2022-12-12
SW,SW5763,BOS,MSP,Airbus,A350-900,2022-08-23
UA,UA5952,SLC,MCO,Boeing,767-300F,2021-10-15
AA,AA8186,FLL,LAX,Boeing,777-200ER,2022-05-28
AS,AS1212,TPA,SFO,McDonnell Douglas,MD-88,2020-10-10
AA,AA9224,ATL,SFO,Airbus,A330-200,2020-12-07
SW,SW9202,EWR,IAH,Airbus,A321neo,2022-05-13
HA,HA8096,MDW,LAS,Boeing,747-400F,2021-12-08
SW,SW9642,BWI,MIA,Airbus,A330-200,2021-05-03
DL,DL9876,BWI,JFK,Boeing,787-8,2020-12-30
AS,AS4971,SEA,LAS,Boeing,777-200ER,2021-06-04
AA,AA1901,MSP,SAN,Boeing,757-200,2022-05-26
AS,AS7553,BWI,DTW,Bombardier,CRJ900,2021-09-10
SW,SW1742,DFW,DTW,ATR,ATR 42,2021-05-10
UA,UA4627,MSP,TPA,McDonnell Douglas,MD-83,2020-10-22
AA,AA8503,SAN,JFK,Bombardier,CRJ900,2020-12-25
SW,SW5833,CLT,LAX,Boeing,767-300ER,2020-03-20
UA,UA4538,DEN,IAH,Boeing,787-8,2021-01-01
AS,AS5512,MIA,MCO,Boeing,747-8F,2021-05-29
UA,UA8920,IAH,CLT,Boeing,747-8F,2021-04-22
UA,UA3708,MSP,TPA,Embraer,E175,2021-12-30
AA,AA4743,LAX,LGA,Boeing,737-900,2022-06-14
DL,DL3537,FLL,MDW,Bombardier,CRJ900,2020-05-19
AA,AA3575,ATL,IAD,McDonnell Douglas,MD-88,2021-01-29
UA,UA3946,DFW,SAN,Boeing,737-900,2020-07-26
UA,UA1623,SLC,JFK,Embraer,E190,2020-06-24
DL,DL5166,SEA,JFK,Embraer,ERJ-140,2022-03-05
AS,AS5066,MCO,MSP,Airbus,A321,2022-10-04
HA,HA8017,SLC,DTW,Bombardier,DHC-8-400,2020-04-24
UA,UA5544,SEA,SLC,Boeing,767-300F,2020-06-06
HA,HA9897,IAD,FLL,Boeing,737-400,2022-07-22
AA,AA4395,ATL,BNA,Boeing,737-900ER,2022-11-04
SW,SW8686,DTW,IAH,Embraer,E175,2021-04-21
HA,HA6448,MSP,IAH,Boeing,737-400,2022-08-18
UA,UA5246,MCO,ORD,Boeing,747-8F,2020-01-31
AA,AA3031,ATL,MIA,McDonnell Douglas,MD-83,2022-05-06
SW,SW8557,SFO,MCO,Airbus,A350-900,2022-01-20
AA,AA9606,JFK,SEA,Boeing,757-200,2021-02-26
AA,AA8428,DEN,CLT,Airbus,A320,2021-02-19
HA,HA2569,JFK,DEN,McDonnell Douglas,MD-83,2020-12-17
AS,AS2731,LGA,MIA,Embraer,ERJ-140,2022-02-06
AA,AA6545,MCO,ATL,McDonnell Douglas,MD-88,2022-02-21
UA,UA6616,ORD,MCO,Boeing,767-400ER,2020-09-27
UA,UA8766,SAN,SEA,Boeing,757-200,2021-09-16
UA,UA4635,MIA,JFK,Boeing,767-300,2020-01-23
HA,HA7452,SEA,MSP,McDonnell Douglas,MD-83,2022-04-02
DL,DL1216,MDW,IAD,Airbus,A321neo,2021-05-30
DL,DL2151,ATL,FLL,Boeing,787-8,2020-09-05
AA,AA2044,BNA,BOS,Airbus,A320neo,2022-02-15
AA,AA4976,DFW,ATL,Embraer,E170,2022-09-25
DL,DL9174,IAH,CLT,Bombardier,DHC-8-400,2022-09-27
HA,HA8804,ATL,SLC,Boeing,747-400F,2022-04-08
SW,SW2754,DFW,SEA,Boeing,757-300,2020-04-01
SW,SW9022,BWI,BOS,Embraer,ERJ-145,2020-06-29
DL,DL8192,MIA,JFK,Airbus,A321,2022-04-24
AA,AA9834,SLC,BWI,Bombardier,CRJ700,2022-05-23
DL,DL4261,DEN,BOS,Embraer,E170,2021-01-16
AS,AS7381,DEN,PHL,Boeing,737 MAX 9,2022-03-30
HA,HA5289,BNA,DEN,Boeing,717-200,2021-12-04
DL,DL6217,SEA,BWI,Boeing,787-9,2022-04-13
DL,DL2378,BOS,PHL,Boeing,767-300,2020-11-23
AA,AA7315,DTW,LAX,ATR,ATR 72,2020-09-01
UA,UA9201,SLC,ATL,Boeing,757-300,2022-09-11
DL,DL2656,SLC,SEA,Boeing,717-200,2021-12-20
AS,AS3550,BWI,DEN,Airbus,A330-200,2020-06-29
AS,AS5097,DTW,SFO,Boeing,787-9,2020-06-17
UA,UA7323,BOS,PHX,Boeing,767-300F,2021-02-14
AS,AS6589,SEA,EWR,Boeing,737 MAX 8,2020-01-14
SW,SW5922,MIA,LAS,Airbus,A320,2020-11-12
AS,AS2372,EWR,IAH,Convair,C208B,2021-01-09
AA,AA7449,BOS,DTW,Boeing,737 MAX 9,2020-03-24
UA,UA6375,SFO,CLT,Embraer,ERJ-145,2021-11-09
HA,HA1551,FLL,ATL,ATR,ATR 42,2021-09-30
HA,HA4638,LAX,FLL,Convair,C208B,2021-06-11
SW,SW8158,SEA,LGA,Embraer,E175,2022-03-02
UA,UA4721,EWR,JFK,Boeing,747-8F,2022-07-31
SW,SW6609,TPA,PHX,Boeing,777F,2020-12-01
DL,DL2534,BOS,ATL,ATR,ATR 72,2020-02-14
SW,SW2300,LAS,BWI,Boeing,787-9,2020-12-17
UA,UA1068,JFK,ORD,Boeing,767-300ER,2020-04-27
SW,SW9528,BWI,DFW,Bombardier,Global Express,2021-07-18
UA,UA8016,PHL,MDW,Embraer,E175,2021-05-31
SW,SW2309,MSP,EWR,Boeing,767-300ER,2020-10-26
AS,AS7557,LAX,ATL,Boeing,747-8F,2022-10-25
AA,AA2994,DFW,DEN,Embraer,E170,2020-07-30
UA,UA5550,SEA,BWI,Airbus,A321,2021-01-20
SW,SW8391,IAD,PHL,Boeing,737 MAX 8,2022-05-28
HA,HA6542,BWI,LAS,Boeing,737-900ER,2021-08-03
AS,AS6047,LAS,MSP,Embraer,E175,2022-10-10
DL,DL7074,IAH,MDW,Boeing,767-300,2022-11-16
AS,AS6466,LAX,TPA,Airbus,A321,2021-04-05
AS,AS3856,BWI,PHX,Bombardier,Global Express,2021-04-30
DL,DL3472,ATL,SLC,Airbus,A350-900,2020-05-24
SW,SW9472,CLT,ATL,Boeing,737-700,2020-02-11
UA,UA3705,BWI,LGA,ATR,ATR 72,2022-10-16
DL,DL1999,FLL,TPA,Boeing,737-400,2020-08-23
AS,AS6429,SFO,SEA,Bombardier,Global Express,2021-05-17
SW,SW1471,TPA,SFO,Boeing,737-400,2022-02-06
AA,AA2113,MDW,CLT,Boeing,737 MAX 9,2021-12-29
SW,SW9213,PHL,IAH,Boeing,777-300ER,2021-03-20
DL,DL4920,BNA,TPA,Boeing,747-400F,2021-09-28
HA,HA5179,BWI,LAS,Airbus,A320,2022-06-15
DL,DL6950,PHX,MDW,Boeing,737-900,2020-10-12
HA,HA3356,JFK,IAH,Boeing,767-300F,2021-08-20
AA,AA8782,CLT,JFK,Airbus,A320neo,2021-08-26
AA,AA3835,TPA,DTW,Embraer,ERJ-145,2020-02-14
AA,AA7898,SAN,DTW,Bombardier,CRJ900,2022-06-04
DL,DL9038,SLC,JFK,Convair,C208B,2022-05-26
DL,DL1733,LAX,IAH,Convair,C208B,2022-04-28
AA,AA2808,SEA,LAS,McDonnell Douglas,MD-83,2020-08-12
AA,AA3480,LAX,PHX,Airbus,A320neo,2020-10-22
AS,AS7673,IAH,IAD,Boeing,757-200,2021-03-19
HA,HA8212,SAN,JFK,Bombardier,CRJ700,2022-01-07
HA,HA1253,LAX,SFO,Boeing,747-8F,2020-03-23
AS,AS7723,BWI,BNA,Bombardier,CRJ200,2022-01-29
SW,SW2848,LGA,BOS,Embraer,E190,2020-10-24
UA,UA9708,PHX,BNA,Bombardier,CRJ200,2022-06-26
AA,AA6184,LAX,IAD,Boeing,767-300,2020-04-19
UA,UA9785,CLT,IAD,Boeing,777-200,2022-06-12
UA,UA7680,TPA,BOS,Airbus,A321,2021-11-07
DL,DL1292,FLL,SFO,Boeing,737-900,2022-09-13
UA,UA6166,PHX,DTW,Boeing,737-900,2020-11-10
UA,UA5899,MDW,BOS,Boeing,767-400ER,2020-09-09
DL,DL1505,MSP,PHX,Boeing,767-200,2022-03-01
DL,DL3616,MCO,PHX,Airbus,A330-300,2020-09-12
SW,SW5049,DFW,ORD,Boeing,787-8,2020-07-02
DL,DL8824,PHL,DFW,Airbus,A330-300,2020-08-04
DL,DL5630,BOS,SLC,Boeing,767-300ER,2020-04-04
AS,AS9616,MIA,DTW,Boeing,737-900,2021-02-06
DL,DL9145,TPA,SEA,Bombardier,Global Express,2021-04-13
DL,DL2631,PHX,ORD,Bombardier,DHC-8-400,2022-03-17
AA,AA2924,EWR,BNA,Boeing,737-700,2021-02-06
AA,AA5593,TPA,EWR,Boeing,767-300,2021-02-11
DL,DL5418,MDW,SFO,Bombardier,DHC-8-400,2021-02-11
SW,SW9646,IAD,BWI,Embraer,ERJ-140,2022-04-20
HA,HA6661,IAD,EWR,Boeing,767-400ER,2021-12-23
HA,HA5183,SAN,SFO,McDonnell Douglas,MD-83,2021-11-15
UA,UA6503,JFK,FLL,ATR,ATR 42,2022-01-07
DL,DL7543,MSP,SFO,Boeing,777-200,2021-12-28
AA,AA6735,FLL,SAN,Embraer,ERJ-145,2021-04-25
AS,AS9250,JFK,SFO,Boeing,767-300,2021-09-16
AA,AA6998,BOS,LGA,McDonnell Douglas,MD-83,2022-08-10
AS,AS9839,ATL,MDW,Airbus,A321neo,2021-12-02
SW,SW7296,TPA,MIA,Bombardier,Global Express,2021-04-26
AA,AA1760,MSP,MIA,Boeing,767-300,2021-08-07
UA,UA5077,ORD,MCO,Boeing,747-8F,2020-10-30
UA,UA3188,IAD,SLC,Boeing,767-300,2021-07-23
AS,AS9508,IAD,SLC,McDonnell Douglas,MD-11F,2020-12-18
SW,SW6938,BOS,MIA,Airbus,A320,2022-01-17
AS,AS7341,IAD,DEN,Bombardier,CRJ200,2020-07-31
DL,DL4711,BNA,IAD,ATR,ATR 72,2020-07-05
DL,DL8445,LGA,DTW,McDonnell Douglas,MD-88,2021-08-03
AS,AS1095,SFO,EWR,ATR,ATR 72,2021-10-16
AA,AA1163,BOS,MSP,Embraer,E170,2021-07-09
AA,AA3486,DFW,DEN,Boeing,767-300F,2020-05-06
HA,HA2021,SLC,MSP,McDonnell Douglas,MD-11F,2021-03-03
AA,AA1669,JFK,FLL,Embraer,E175,2022-09-29
AS,AS5234,JFK,BWI,Convair,C208B,2020-06-25
HA,HA2237,DFW,LGA,Boeing,747-400,2020-08-25
AA,AA9292,ORD,SLC,Boeing,777-200,2020-12-18
AS,AS2450,DTW,SLC,Boeing,737-900ER,2022-10-25
SW,SW5502,CLT,JFK,ATR,ATR 72,2022-05-16
SW,SW9025,FLL,SLC,Airbus,A320,2020-08-15
HA,HA7993,CLT,SFO,Boeing,767-400ER,2022-06-29
AA,AA2896,SFO,ORD,Boeing,737-800,2021-12-02
UA,UA7304,SFO,IAD,Bombardier,CRJ200,2020-11-14
HA,HA4885,MSP,SEA,Boeing,787-8,2020-04-01
AA,AA4450,ORD,SAN,ATR,ATR 72,2021-08-30
DL,DL2370,FLL,LAS,Boeing,777-200ER,2021-12-20
AA,AA9117,IAH,MSP,Embraer,E170,2020-10-01
AA,AA6164,JFK,PHL,ATR,ATR 72,2022-05-05
AS,AS1403,MCO,FLL,Bombardier,CRJ200,2020-01-10
AA,AA9505,ORD,SLC,Embraer,E170,2022-09-27
DL,DL2542,MSP,BNA,Embraer,ERJ-145,2020-02-03
HA,HA8594,LAS,SEA,Embraer,ERJ-145,2022-06-15
AA,AA1118,JFK,TPA,McDonnell Douglas,MD-83,2020-06-11
HA,HA5220,MIA,MSP,Boeing,777-200ER,2021-05-11
AA,AA7732,EWR,IAH,Boeing,717-200,2021-10-08
HA,HA4991,LAS,IAH,Boeing,747-400F,2022-02-26
SW,SW9463,ORD,MSP,Airbus,A330-200,2020-08-28
AA,AA8872,MIA,LAX,Boeing,777-200,2021-04-29
AS,AS6581,DTW,MIA,Airbus,A320neo,2022-08-12
DL,DL2049,LAX,PHX,Boeing,737-800,2021-01-07
HA,HA9368,SEA,LAS,Boeing,767-300F,2021-12-24
HA,HA1562,ATL,DFW,Boeing,737 MAX 8,2022-02-02
AS,AS4900,ORD,BWI,Embraer,E170,2020-05-11
SW,SW7707,PHL,FLL,Airbus,A321,2020-04-10
HA,HA1363,TPA,MDW,Bombardier,CRJ200,2021-01-16
HA,HA9854,DTW,SLC,Bombardier,Global Express,2022-11-14
UA,UA4174,SEA,DEN,Boeing,767-400ER,2021-08-17
HA,HA3829,MCO,DTW,Bombardier,CRJ200,2022-11-10
SW,SW2505,DTW,FLL,Airbus,A350-900,2021-01-21
HA,HA9526,DEN,PHL,Boeing,747-400,2020-01-13
DL,DL6127,ATL,SEA,Embraer,E170,2022-07-04
UA,UA5167,BWI,PHX,Boeing,747-400F,2021-07-17
HA,HA9293,FLL,BWI,Boeing,767-300ER,2022-09-03
AA,AA2490,DEN,LAX,Boeing,737-700,2022-07-06
SW,SW9164,IAH,LAS,Boeing,767-400ER,2022-11-16
UA,UA8861,IAD,LGA,Boeing,747-400,2020-04-30
DL,DL7544,LGA,JFK,ATR,ATR 42,2021-11-10
AA,AA8502,EWR,JFK,Airbus,A350-900,2022-05-17
DL,DL3241,FLL,PHX,McDonnell Douglas,MD-83,2020-06-02
SW,SW2896,CLT,ORD,Boeing,747-400F,2022-08-16
AS,AS3614,MDW,IAD,Boeing,757-300,2021-08-13
SW,SW7517,DFW,IAH,Airbus,A330-200,2020-12-09
UA,UA2626,SLC,SAN,Boeing,737-900ER,2021-03-31
